source_iso3,target_iso3,source_name,target_name,similarity,distance,source_x,source_y,target_x,target_y
LBN,SDN,Lebanon,Sudan,0.99980201029336,0.00019798970663997828,-0.5279330078003049,-0.32606248393259024,-0.49036565313518976,-0.3215898809638962
PHL,TLS,Philippines,Timor-Leste,0.9997600164479292,0.00023998355207077715,0.1831376144259075,0.7422065734228366,0.10812315809858428,0.777855746765321
ARE,JAM,United Arab Emirates,Jamaica,0.9995824320238865,0.0004175679761134754,0.34881834422669306,0.5712512832212351,0.28407308729867387,0.5596231203704806
AGO,COD,Angola,Democratic Republic of the Congo,0.9994310108277777,0.0005689891722222562,-0.9176893493716436,-0.4119262126113341,-0.9166586831933831,-0.38771112121368
ALB,BRN,Albania,Brunei Darussalam,0.999376891881934,0.0006231081180659848,0.06953276134590432,0.7528817455171478,0.0995470164565447,0.7542698898122595
CZE,SRB,Czechia,Serbia,0.9992952541222178,0.0007047458777822424,0.6567601831308665,-0.16038035733457162,0.646958681918964,-0.11478715844491462
ITA,SYC,Italy,Seychelles,0.99910191291964,0.0008980870803599883,0.28094313077583694,0.6128996825688854,0.3652285402325606,0.5253781959858334
LSO,ZAF,Lesotho,South Africa,0.9990253617845972,0.0009746382154027788,-0.4760345630242617,-0.45064824509907025,-0.4574706801085548,-0.5050958263830573
BRN,TLS,Brunei Darussalam,Timor-Leste,0.9988154312158732,0.0011845687841267605,0.0995470164565447,0.7542698898122595,0.10812315809858428,0.777855746765321
JPN,NPL,Japan,Nepal,0.9987917669548677,0.0012082330451322898,0.41994409852455444,-0.5235491103770952,0.39560821183496475,-0.5953234162894433
AGO,COG,Angola,Congo,0.9986267166386753,0.0013732833613246953,-0.9176893493716436,-0.4119262126113341,-0.8472872178424722,-0.36829402748533874
IDN,MDV,Indonesia,Maldives,0.9985606255856336,0.0014393744143663678,0.04967017434488406,0.8179212854683265,0.13100020570278204,0.8491370276718905
TUR,YEM,Türkiye,Yemen,0.998435737792756,0.0015642622072440382,-0.4074594036145379,-0.17841744736935586,-0.45355092514371526,-0.3223494704571514
LBN,YEM,Lebanon,Yemen,0.9984134577951936,0.0015865422048063627,-0.5279330078003049,-0.32606248393259024,-0.45355092514371526,-0.3223494704571514
ISR,YEM,Israel,Yemen,0.9983349240119853,0.001665075988014686,-0.45373596690862045,-0.29214544261781467,-0.45355092514371526,-0.3223494704571514
ISR,SDN,Israel,Sudan,0.9982793054396992,0.0017206945603007728,-0.45373596690862045,-0.29214544261781467,-0.49036565313518976,-0.3215898809638962
ISR,LBN,Israel,Lebanon,0.9982169400151099,0.0017830599848901452,-0.45373596690862045,-0.29214544261781467,-0.5279330078003049,-0.32606248393259024
ALB,MLT,Albania,Malta,0.9979219434012516,0.002078056598748379,0.06953276134590432,0.7528817455171478,0.11313118231608973,0.6981857441413418
BIH,VNM,Bosnia and Herzegovina,Viet Nam,0.9979091185429458,0.002090881457054161,0.7212223243464516,0.16097751502725027,0.7032185993328707,0.1895875087707472
LBN,LBY,Lebanon,Libya,0.9979028239436633,0.002097176056336747,-0.5279330078003049,-0.32606248393259024,-0.5804453406641154,-0.3828490339655347
MEX,PHL,Mexico,Philippines,0.997778365011793,0.002221634988207044,0.22479975371545607,0.7525906254500049,0.1831376144259075,0.7422065734228366
BRN,PHL,Brunei Darussalam,Philippines,0.9977461395447257,0.0022538604552743147,0.0995470164565447,0.7542698898122595,0.1831376144259075,0.7422065734228366
LBY,SDN,Libya,Sudan,0.9976763544835541,0.002323645516445927,-0.5804453406641154,-0.3828490339655347,-0.49036565313518976,-0.3215898809638962
BRN,LAO,Brunei Darussalam,Lao People's Democratic Republic,0.9976252761025833,0.002374723897416664,0.0995470164565447,0.7542698898122595,0.16404200323064758,0.6737585959270352
BGR,SGP,Bulgaria,Singapore,0.997479144930037,0.002520855069963024,0.6036408249346221,0.3410026638429832,0.5923666283027663,0.2866501034518946
ARM,PER,Armenia,Peru,0.9974602150810663,0.0025397849189336963,0.626456045488348,0.7992742604786301,0.6591599678430613,0.9207881735315108
SDN,YEM,Sudan,Yemen,0.9974119406016764,0.0025880593983236277,-0.49036565313518976,-0.3215898809638962,-0.45355092514371526,-0.3223494704571514
IDN,KHM,Indonesia,Cambodia,0.9972392461657034,0.0027607538342966365,0.04967017434488406,0.8179212854683265,0.1633454494435248,0.7200877812193102
LAO,MLT,Lao People's Democratic Republic,Malta,0.9972321396290513,0.0027678603709486715,0.16404200323064758,0.6737585959270352,0.11313118231608973,0.6981857441413418
ALB,LAO,Albania,Lao People's Democratic Republic,0.997228711196592,0.002771288803408045,0.06953276134590432,0.7528817455171478,0.16404200323064758,0.6737585959270352
IRQ,ISR,Iraq,Israel,0.9972266320026694,0.0027733679973306335,-0.4273698951540442,-0.24560751373475273,-0.45373596690862045,-0.29214544261781467
ISR,TUR,Israel,Türkiye,0.9971390567547562,0.0028609432452437744,-0.45373596690862045,-0.29214544261781467,-0.4074594036145379,-0.17841744736935586
GMB,MLI,Gambia,Mali,0.9970885107263575,0.002911489273642487,0.35269196730380115,0.8460235878536326,0.24208383249064205,0.8272597165579947
MLI,PRK,Mali,Democratic People's Republic of Korea,0.9969776002192332,0.0030223997807667935,0.24208383249064205,0.8272597165579947,0.308448011176898,0.8853479360115978
BGR,MKD,Bulgaria,North Macedonia,0.996965081177139,0.003034918822860999,0.6036408249346221,0.3410026638429832,0.5000528512113734,0.4393783150151162
MKD,SYC,North Macedonia,Seychelles,0.9969155220662463,0.00308447793375366,0.5000528512113734,0.4393783150151162,0.3652285402325606,0.5253781959858334
CUB,ZMB,Cuba,Zambia,0.9967731776609071,0.003226822339092883,-0.5824731551206139,-0.19946447475126422,-0.6006206216937967,-0.2191531308132408
GMB,PRK,Gambia,Democratic People's Republic of Korea,0.9967390343901412,0.003260965609858779,0.35269196730380115,0.8460235878536326,0.308448011176898,0.8853479360115978
AFG,NGA,Afghanistan,Nigeria,0.9967007448159273,0.0032992551840727025,-0.2063786762826777,0.2169262481004956,-0.30857866747747476,0.04009966592443859
MEX,TLS,Mexico,Timor-Leste,0.9966889336274549,0.0033110663725450795,0.22479975371545607,0.7525906254500049,0.10812315809858428,0.777855746765321
KHM,MDV,Cambodia,Maldives,0.9966736146737109,0.0033263853262891496,0.1633454494435248,0.7200877812193102,0.13100020570278204,0.8491370276718905
ALB,TLS,Albania,Timor-Leste,0.9965376980757259,0.0034623019242741027,0.06953276134590432,0.7528817455171478,0.10812315809858428,0.777855746765321
CAF,GAB,Central African Republic,Gabon,0.9965196740354356,0.003480325964564379,-0.8808034727019135,-0.33468177054263926,-0.9156613171007264,-0.3072397436496138
LAO,TLS,Lao People's Democratic Republic,Timor-Leste,0.9964197451726409,0.0035802548273591306,0.16404200323064758,0.6737585959270352,0.10812315809858428,0.777855746765321
COD,COG,Democratic Republic of the Congo,Congo,0.9964134660028647,0.003586533997135266,-0.9166586831933831,-0.38771112121368,-0.8472872178424722,-0.36829402748533874
BRN,MLT,Brunei Darussalam,Malta,0.9963867432774532,0.003613256722546754,0.0995470164565447,0.7542698898122595,0.11313118231608973,0.6981857441413418
LBY,TUN,Libya,Tunisia,0.9960640775941247,0.0039359224058752584,-0.5804453406641154,-0.3828490339655347,-0.4431035235380227,-0.19221284872037864
AUT,HRV,Austria,Croatia,0.995932748256842,0.004067251743158029,0.7753229046233798,-0.08964984018173607,0.7011027638985781,-0.1348763780422858
LBN,TUR,Lebanon,Türkiye,0.9959312647155809,0.004068735284419089,-0.5279330078003049,-0.32606248393259024,-0.4074594036145379,-0.17841744736935586
BRB,STP,Barbados,Sao Tome and Principe,0.9959067976840099,0.0040932023159900854,0.6607463765647783,0.8273095170282395,0.6850197348660733,0.9044516739449108
BRB,PER,Barbados,Peru,0.9959035317791445,0.00409646822085552,0.6607463765647783,0.8273095170282395,0.6591599678430613,0.9207881735315108
GUY,SUR,Guyana,Suriname,0.9958113071630554,0.004188692836944563,-0.5583321342166326,-0.2822426011340836,-0.5707777910971155,-0.24309218056316004
LAO,PHL,Lao People's Democratic Republic,Philippines,0.9958104151270281,0.004189584872971941,0.16404200323064758,0.6737585959270352,0.1831376144259075,0.7422065734228366
SDN,TUN,Sudan,Tunisia,0.9957235868709481,0.004276413129051915,-0.49036565313518976,-0.3215898809638962,-0.4431035235380227,-0.19221284872037864
IRQ,TUR,Iraq,Türkiye,0.9955273641200736,0.004472635879926412,-0.4273698951540442,-0.24560751373475273,-0.4074594036145379,-0.17841744736935586
ITA,MKD,Italy,North Macedonia,0.995417632898403,0.004582367101596985,0.28094313077583694,0.6128996825688854,0.5000528512113734,0.4393783150151162
KOR,NAM,Republic of Korea,Namibia,0.9954042665968602,0.00459573340313979,0.35430701838618206,-0.6128397028895705,0.33127792074672735,-0.5723801322001518
ITA,LAO,Italy,Lao People's Democratic Republic,0.9952736968056448,0.004726303194355186,0.28094313077583694,0.6128996825688854,0.16404200323064758,0.6737585959270352
KHM,TLS,Cambodia,Timor-Leste,0.9952051917938066,0.0047948082061933794,0.1633454494435248,0.7200877812193102,0.10812315809858428,0.777855746765321
SDN,TUR,Sudan,Türkiye,0.9950802177709681,0.004919782229031888,-0.49036565313518976,-0.3215898809638962,-0.4074594036145379,-0.17841744736935586
BTN,MRT,Bhutan,Mauritania,0.9950743578323872,0.00492564216761282,0.3236577048178285,0.6138013845318399,0.3618340595028862,0.643246507660091
ARM,QAT,Armenia,Qatar,0.995034861708027,0.004965138291972981,0.626456045488348,0.7992742604786301,0.584507707768568,0.8075772750445942
LBN,TUN,Lebanon,Tunisia,0.9950200160662991,0.0049799839337009155,-0.5279330078003049,-0.32606248393259024,-0.4431035235380227,-0.19221284872037864
ALB,PHL,Albania,Philippines,0.9950173391773556,0.004982660822644425,0.06953276134590432,0.7528817455171478,0.1831376144259075,0.7422065734228366
BRN,IDN,Brunei Darussalam,Indonesia,0.9949316963269799,0.005068303673020136,0.0995470164565447,0.7542698898122595,0.04967017434488406,0.8179212854683265
BWA,UZB,Botswana,Uzbekistan,0.9947230565395797,0.005276943460420291,0.4722798129159463,-0.25789892870502024,0.4336263184877968,-0.09460611884694065
ERI,MWI,Eritrea,Malawi,0.9945946879340081,0.00540531206599193,-0.5097960753978275,-0.3282979593184322,-0.5610715560123977,-0.35731398392741726
LSO,URY,Lesotho,Uruguay,0.9945519812521215,0.00544801874787848,-0.4760345630242617,-0.45064824509907025,-0.49045422470974837,-0.3926675362179383
LBY,YEM,Libya,Yemen,0.9943685229377507,0.005631477062249313,-0.5804453406641154,-0.3828490339655347,-0.45355092514371526,-0.3223494704571514
KHM,PHL,Cambodia,Philippines,0.9943316969284142,0.005668303071585834,0.1633454494435248,0.7200877812193102,0.1831376144259075,0.7422065734228366
GRC,LBY,Greece,Libya,0.9942801026265555,0.005719897373444471,-0.6203889023538521,-0.4064518670655408,-0.5804453406641154,-0.3828490339655347
KHM,MEX,Cambodia,Mexico,0.9942410118978405,0.005758988102159468,0.1633454494435248,0.7200877812193102,0.22479975371545607,0.7525906254500049
MEX,PAN,Mexico,Panama,0.9942377281828472,0.005762271817152831,0.22479975371545607,0.7525906254500049,0.2705562786101309,0.7684952320855056
HUN,KAZ,Hungary,Kazakhstan,0.9941884024912473,0.005811597508752708,0.473091464415267,-0.4987115012864082,0.3942022282817507,-0.5461607756179715
BHR,EGY,Bahrain,Egypt,0.9939619988378471,0.006038001162152917,-0.08267958230620637,0.3274520922814446,-0.04121581068098279,0.33321669809396465
IDN,TLS,Indonesia,Timor-Leste,0.993944011503855,0.006055988496144971,0.04967017434488406,0.8179212854683265,0.10812315809858428,0.777855746765321
BLR,MNG,Belarus,Mongolia,0.9936322629982139,0.006367737001786056,0.12180982124251061,-0.24002456760939034,0.06070401115284645,-0.2229886246208627
ALB,IDN,Albania,Indonesia,0.9935939660182276,0.006406033981772419,0.06953276134590432,0.7528817455171478,0.04967017434488406,0.8179212854683265
FIN,MDA,Finland,Republic of Moldova,0.9934719745369848,0.00652802546301523,0.26310743103460976,-0.38087719682778676,0.2753520162508786,-0.41593141772193987
IRQ,YEM,Iraq,Yemen,0.9932014687460818,0.006798531253918161,-0.4273698951540442,-0.24560751373475273,-0.45355092514371526,-0.3223494704571514
PER,QAT,Peru,Qatar,0.9931654866931504,0.006834513306849588,0.6591599678430613,0.9207881735315108,0.584507707768568,0.8075772750445942
CUB,SUR,Cuba,Suriname,0.9929918732582768,0.007008126741723242,-0.5824731551206139,-0.19946447475126422,-0.5707777910971155,-0.24309218056316004
THA,VNM,Thailand,Viet Nam,0.9929026679936175,0.007097332006382517,0.6531257936938204,0.06824587566982464,0.7032185993328707,0.1895875087707472
FJI,WSM,Fiji,Samoa,0.9927482024067011,0.007251797593298859,0.42221196255448235,0.3570659046301172,0.4293509665770557,0.47788395998945704
IRQ,SDN,Iraq,Sudan,0.9927307042938636,0.007269295706136436,-0.4273698951540442,-0.24560751373475273,-0.49036565313518976,-0.3215898809638962
BRN,MEX,Brunei Darussalam,Mexico,0.9925765491428468,0.007423450857153235,0.0995470164565447,0.7542698898122595,0.22479975371545607,0.7525906254500049
MYS,OMN,Malaysia,Oman,0.9921804459175246,0.007819554082475366,0.40290634641061696,0.6416825263159981,0.49299701841314164,0.6917595646744342
IRQ,LBN,Iraq,Lebanon,0.9920321884759232,0.007967811524076773,-0.4273698951540442,-0.24560751373475273,-0.5279330078003049,-0.32606248393259024
MLT,TLS,Malta,Timor-Leste,0.9919852065095083,0.008014793490491723,0.11313118231608973,0.6981857441413418,0.10812315809858428,0.777855746765321
LAO,SYC,Lao People's Democratic Republic,Seychelles,0.9919761097744053,0.008023890225594688,0.16404200323064758,0.6737585959270352,0.3652285402325606,0.5253781959858334
DZA,MAR,Algeria,Morocco,0.9917985622073594,0.008201437792640598,-0.16911873928922114,0.24910892056065367,-0.25529926761361593,0.1256864258918541
BHS,LCA,Bahamas,Saint Lucia,0.991665715960009,0.008334284039991036,0.4921323195261291,0.37843587849823185,0.4433502382153744,0.4083773083200902
BIH,ROU,Bosnia and Herzegovina,Romania,0.9915479720555036,0.008452027944496399,0.7212223243464516,0.16097751502725027,0.6697897625749059,0.2357491470676585
MKD,SGP,North Macedonia,Singapore,0.9913880168024101,0.008611983197589934,0.5000528512113734,0.4393783150151162,0.5923666283027663,0.2866501034518946
URY,ZAF,Uruguay,South Africa,0.9913728368509772,0.008627163149022787,-0.49045422470974837,-0.3926675362179383,-0.4574706801085548,-0.5050958263830573
BTN,COL,Bhutan,Colombia,0.9912309534923588,0.00876904650764121,0.3236577048178285,0.6138013845318399,0.4141969939136615,0.5390482770685189
GRC,TUN,Greece,Tunisia,0.9911121711750017,0.008887828824998278,-0.6203889023538521,-0.4064518670655408,-0.4431035235380227,-0.19221284872037864
COL,SYC,Colombia,Seychelles,0.9910498508926239,0.008950149107376126,0.4141969939136615,0.5390482770685189,0.3652285402325606,0.5253781959858334
ARM,BRB,Armenia,Barbados,0.9910090265777896,0.008990973422210446,0.626456045488348,0.7992742604786301,0.6607463765647783,0.8273095170282395
JAM,SAU,Jamaica,Saudi Arabia,0.9906987590468613,0.009301240953138667,0.28407308729867387,0.5596231203704806,0.23691260714483006,0.5390397524521486
MDA,SVN,Republic of Moldova,Slovenia,0.9905099638744909,0.009490036125509138,0.2753520162508786,-0.41593141772193987,0.30618939388950756,-0.4401746319868157
CHE,NLD,Switzerland,Netherlands (Kingdom of the),0.9904764000422785,0.009523599957721451,-0.9422023265181076,-0.536292970868915,-0.9198508107455324,-0.47042883371061633
GUY,ZMB,Guyana,Zambia,0.990426590287065,0.009573409712934966,-0.5583321342166326,-0.2822426011340836,-0.6006206216937967,-0.2191531308132408
GAB,GNQ,Gabon,Equatorial Guinea,0.990221484308105,0.009778515691895029,-0.9156613171007264,-0.3072397436496138,-1.0,-0.3432877542991048
FIN,SVN,Finland,Slovenia,0.9901507075629443,0.009849292437055679,0.26310743103460976,-0.38087719682778676,0.30618939388950756,-0.4401746319868157
CAF,TCD,Central African Republic,Chad,0.9900886826964428,0.00991131730355721,-0.8808034727019135,-0.33468177054263926,-0.8845275856950542,-0.2731161963793555
SUR,ZMB,Suriname,Zambia,0.9899624756687869,0.010037524331213077,-0.5707777910971155,-0.24309218056316004,-0.6006206216937967,-0.2191531308132408
GRC,SDN,Greece,Sudan,0.9899267047482471,0.010073295251752934,-0.6203889023538521,-0.4064518670655408,-0.49036565313518976,-0.3215898809638962
MLT,PHL,Malta,Philippines,0.9897883686191281,0.010211631380871888,0.11313118231608973,0.6981857441413418,0.1831376144259075,0.7422065734228366
GUY,URY,Guyana,Uruguay,0.9897722554810583,0.010227744518941706,-0.5583321342166326,-0.2822426011340836,-0.49045422470974837,-0.3926675362179383
COG,NLD,Congo,Netherlands (Kingdom of the),0.988965248509359,0.011034751490641037,-0.8472872178424722,-0.36829402748533874,-0.9198508107455324,-0.47042883371061633
SVK,TKM,Slovakia,Turkmenistan,0.988924508607758,0.011075491392241954,0.7323552102117511,-0.0009486932409793199,0.8087138899320463,-0.012301932165959392
MDG,SSD,Madagascar,South Sudan,0.9889090924835287,0.011090907516471349,-0.6884447780292576,-0.7894650046617321,-0.6408440789361036,-0.7695542548906458
ISR,TUN,Israel,Tunisia,0.9886927487832633,0.011307251216736702,-0.45373596690862045,-0.29214544261781467,-0.4431035235380227,-0.19221284872037864
ITA,MLT,Italy,Malta,0.9886622693171012,0.011337730682898783,0.28094313077583694,0.6128996825688854,0.11313118231608973,0.6981857441413418
BGR,ROU,Bulgaria,Romania,0.9886400019684891,0.011359998031510887,0.6036408249346221,0.3410026638429832,0.6697897625749059,0.2357491470676585
GRC,LBN,Greece,Lebanon,0.9884896546154672,0.011510345384532772,-0.6203889023538521,-0.4064518670655408,-0.5279330078003049,-0.32606248393259024
LTU,RWA,Lithuania,Rwanda,0.9884809625035548,0.011519037496445228,-0.2821059921689841,-0.22140338452246852,-0.17792735769435725,-0.25458542997566547
BRN,MDV,Brunei Darussalam,Maldives,0.9884737895808646,0.011526210419135374,0.0995470164565447,0.7542698898122595,0.13100020570278204,0.8491370276718905
SGP,VNM,Singapore,Viet Nam,0.9884663420824801,0.011533657917519924,0.5923666283027663,0.2866501034518946,0.7032185993328707,0.1895875087707472
GAB,TCD,Gabon,Chad,0.9881962289602586,0.011803771039741395,-0.9156613171007264,-0.3072397436496138,-0.8845275856950542,-0.2731161963793555
MDV,TLS,Maldives,Timor-Leste,0.9881733539362552,0.011826646063744839,0.13100020570278204,0.8491370276718905,0.10812315809858428,0.777855746765321
BGR,SYC,Bulgaria,Seychelles,0.9880016886518914,0.011998311348108581,0.6036408249346221,0.3410026638429832,0.3652285402325606,0.5253781959858334
BTN,MEX,Bhutan,Mexico,0.9879529213595764,0.012047078640423647,0.3236577048178285,0.6138013845318399,0.22479975371545607,0.7525906254500049
CAN,SLV,Canada,El Salvador,0.9879166573498727,0.012083342650127338,0.17802197051356522,-0.22107218562139955,0.20811984179023804,-0.1400266507200804
BTN,PAN,Bhutan,Panama,0.987814431472106,0.012185568527893986,0.3236577048178285,0.6138013845318399,0.2705562786101309,0.7684952320855056
ESP,SAU,Spain,Saudi Arabia,0.9876746782606676,0.012325321739332429,0.08463375948107646,0.4567487919456135,0.23691260714483006,0.5390397524521486
BLZ,IRN,Belize,Iran (Islamic Republic of),0.9876274559121831,0.01237254408781685,0.0010433900953379493,0.388048609560401,0.19665970891353926,0.44329491643374724
COM,TZA,Comoros,United Republic of Tanzania,0.9875233464161264,0.01247665358387362,-0.34531729724667387,-0.0036416474061544512,-0.25944831402745067,0.1060169764099831
CUB,GUY,Cuba,Guyana,0.9874229624059436,0.012577037594056373,-0.5824731551206139,-0.19946447475126422,-0.5583321342166326,-0.2822426011340836
CHL,COG,Chile,Congo,0.9873580470607254,0.012641952939274614,-0.7893152648813567,-0.30263477542526923,-0.8472872178424722,-0.36829402748533874
ROU,VNM,Romania,Viet Nam,0.987311540823091,0.012688459176908973,0.6697897625749059,0.2357491470676585,0.7032185993328707,0.1895875087707472
KHM,PAN,Cambodia,Panama,0.9872456632483357,0.012754336751664264,0.1633454494435248,0.7200877812193102,0.2705562786101309,0.7684952320855056
ITA,PHL,Italy,Philippines,0.9872160929336979,0.012783907066302058,0.28094313077583694,0.6128996825688854,0.1831376144259075,0.7422065734228366
MWI,URY,Malawi,Uruguay,0.9871130532787793,0.012886946721220705,-0.5610715560123977,-0.35731398392741726,-0.49045422470974837,-0.3926675362179383
BGR,BIH,Bulgaria,Bosnia and Herzegovina,0.9866403730585174,0.013359626941482627,0.6036408249346221,0.3410026638429832,0.7212223243464516,0.16097751502725027
BIH,SGP,Bosnia and Herzegovina,Singapore,0.9866321370259263,0.013367862974073663,0.7212223243464516,0.16097751502725027,0.5923666283027663,0.2866501034518946
CAF,COD,Central African Republic,Democratic Republic of the Congo,0.9864304763788463,0.013569523621153712,-0.8808034727019135,-0.33468177054263926,-0.9166586831933831,-0.38771112121368
ARE,SAU,United Arab Emirates,Saudi Arabia,0.986427141769535,0.013572858230464946,0.34881834422669306,0.5712512832212351,0.23691260714483006,0.5390397524521486
COL,ITA,Colombia,Italy,0.9864211932356328,0.01357880676436718,0.4141969939136615,0.5390482770685189,0.28094313077583694,0.6128996825688854
CHE,COG,Switzerland,Congo,0.986362163337339,0.013637836662661051,-0.9422023265181076,-0.536292970868915,-0.8472872178424722,-0.36829402748533874
BDI,MWI,Burundi,Malawi,0.9863449966759686,0.013655003324031356,-0.5782321462448184,-0.5696170225175441,-0.5610715560123977,-0.35731398392741726
BDI,ERI,Burundi,Eritrea,0.9863352411315258,0.01366475886847418,-0.5782321462448184,-0.5696170225175441,-0.5097960753978275,-0.3282979593184322
JAM,KWT,Jamaica,Kuwait,0.9862862232404978,0.01371377675950225,0.28407308729867387,0.5596231203704806,0.1276511840914034,0.4645065819598044
ALB,MDV,Albania,Maldives,0.986266543603094,0.01373345639690604,0.06953276134590432,0.7528817455171478,0.13100020570278204,0.8491370276718905
COL,FJI,Colombia,Fiji,0.9860711101562204,0.013928889843779602,0.4141969939136615,0.5390482770685189,0.42221196255448235,0.3570659046301172
STP,TJK,Sao Tome and Principe,Tajikistan,0.9858940552211817,0.014105944778818325,0.6850197348660733,0.9044516739449108,0.5532119697494983,0.8822010425688553
COD,GAB,Democratic Republic of the Congo,Gabon,0.9858816804707909,0.014118319529209056,-0.9166586831933831,-0.38771112121368,-0.9156613171007264,-0.3072397436496138
COL,MKD,Colombia,North Macedonia,0.9857959542453222,0.014204045754677819,0.4141969939136615,0.5390482770685189,0.5000528512113734,0.4393783150151162
ARE,KWT,United Arab Emirates,Kuwait,0.9856094174034037,0.014390582596596313,0.34881834422669306,0.5712512832212351,0.1276511840914034,0.4645065819598044
ERI,GUY,Eritrea,Guyana,0.9854645330325628,0.014535466967437238,-0.5097960753978275,-0.3282979593184322,-0.5583321342166326,-0.2822426011340836
TTO,URY,Trinidad and Tobago,Uruguay,0.985461429396715,0.014538570603285006,-0.4648226640789572,-0.3271908106314588,-0.49045422470974837,-0.3926675362179383
PER,STP,Peru,Sao Tome and Principe,0.985451171354466,0.014548828645533973,0.6591599678430613,0.9207881735315108,0.6850197348660733,0.9044516739449108
KIR,SSD,Kiribati,South Sudan,0.9852779380769858,0.014722061923014174,-0.6759058164503526,-0.7615438649857907,-0.6408440789361036,-0.7695542548906458
PAN,PHL,Panama,Philippines,0.9850867028496763,0.014913297150323745,0.2705562786101309,0.7684952320855056,0.1831376144259075,0.7422065734228366
GRC,SYR,Greece,Syrian Arab Republic,0.9846634744428913,0.015336525557108738,-0.6203889023538521,-0.4064518670655408,-0.6174101613014916,-0.44303006212748863
GMB,SEN,Gambia,Senegal,0.9842972101462013,0.015702789853798693,0.35269196730380115,0.8460235878536326,0.2989140096851387,0.7557483959747471
ROU,SGP,Romania,Singapore,0.9841963536686467,0.015803646331353338,0.6697897625749059,0.2357491470676585,0.5923666283027663,0.2866501034518946
KEN,NPL,Kenya,Nepal,0.9841809485893469,0.015819051410653096,0.4004248426614438,-0.38714764210689,0.39560821183496475,-0.5953234162894433
COL,WSM,Colombia,Samoa,0.9840891012411445,0.01591089875885554,0.4141969939136615,0.5390482770685189,0.4293509665770557,0.47788395998945704
BGR,VNM,Bulgaria,Viet Nam,0.9840263107215227,0.01597368927847731,0.6036408249346221,0.3410026638429832,0.7032185993328707,0.1895875087707472
BRB,TJK,Barbados,Tajikistan,0.983931367983126,0.01606863201687403,0.6607463765647783,0.8273095170282395,0.5532119697494983,0.8822010425688553
BIH,THA,Bosnia and Herzegovina,Thailand,0.983743199503541,0.016256800496458945,0.7212223243464516,0.16097751502725027,0.6531257936938204,0.06824587566982464
BLR,CAN,Belarus,Canada,0.98369432285598,0.01630567714401998,0.12180982124251061,-0.24002456760939034,0.17802197051356522,-0.22107218562139955
DJI,NAM,Djibouti,Namibia,0.9835440666178094,0.016455933382190646,0.300092469937698,-0.6529358509189669,0.33127792074672735,-0.5723801322001518
EGY,KWT,Egypt,Kuwait,0.9835067837592294,0.016493216240770603,-0.04121581068098279,0.33321669809396465,0.1276511840914034,0.4645065819598044
MMR,SLV,Myanmar,El Salvador,0.9834769160382308,0.01652308396176916,0.2529419099555613,-0.1306036189624689,0.20811984179023804,-0.1400266507200804
CHL,NLD,Chile,Netherlands (Kingdom of the),0.9834461549547453,0.0165538450452547,-0.7893152648813567,-0.30263477542526923,-0.9198508107455324,-0.47042883371061633
CAF,GNQ,Central African Republic,Equatorial Guinea,0.9834291814391225,0.0165708185608775,-0.8808034727019135,-0.33468177054263926,-1.0,-0.3432877542991048
AFG,MAR,Afghanistan,Morocco,0.9833922489867891,0.01660775101321088,-0.2063786762826777,0.2169262481004956,-0.25529926761361593,0.1256864258918541
MRT,PAN,Mauritania,Panama,0.9832890922433644,0.01671090775663564,0.3618340595028862,0.643246507660091,0.2705562786101309,0.7684952320855056
BRB,QAT,Barbados,Qatar,0.9832611211628453,0.016738878837154747,0.6607463765647783,0.8273095170282395,0.584507707768568,0.8075772750445942
KWT,SAU,Kuwait,Saudi Arabia,0.9825274230866528,0.01747257691334725,0.1276511840914034,0.4645065819598044,0.23691260714483006,0.5390397524521486
AGO,CHE,Angola,Switzerland,0.9825112974071347,0.01748870259286528,-0.9176893493716436,-0.4119262126113341,-0.9422023265181076,-0.536292970868915
ERI,ZMB,Eritrea,Zambia,0.982207748960322,0.017792251039677964,-0.5097960753978275,-0.3282979593184322,-0.6006206216937967,-0.2191531308132408
ISL,MUS,Iceland,Mauritius,0.9821225808623826,0.017877419137617423,-0.870919580771995,-0.8321291913094094,-0.9016547886712464,-0.7255887367396671
AZE,OMN,Azerbaijan,Oman,0.9821066006864312,0.017893399313568814,0.5546160483225896,0.605716061437163,0.49299701841314164,0.6917595646744342
MAR,NGA,Morocco,Nigeria,0.9820678645667955,0.017932135433204488,-0.25529926761361593,0.1256864258918541,-0.30857866747747476,0.04009966592443859
PER,TJK,Peru,Tajikistan,0.9814431402638455,0.018556859736154507,0.6591599678430613,0.9207881735315108,0.5532119697494983,0.8822010425688553
CAN,MNG,Canada,Mongolia,0.9814199816394082,0.018580018360591755,0.17802197051356522,-0.22107218562139955,0.06070401115284645,-0.2229886246208627
GUY,LSO,Guyana,Lesotho,0.9810540243273078,0.018945975672692184,-0.5583321342166326,-0.2822426011340836,-0.4760345630242617,-0.45064824509907025
GHA,PRT,Ghana,Portugal,0.9810302927726283,0.01896970722737168,-0.7565596917279972,-0.22440238861318315,-0.6770304891101041,-0.24316767980083812
GUY,MWI,Guyana,Malawi,0.9808805508153825,0.0191194491846175,-0.5583321342166326,-0.2822426011340836,-0.5610715560123977,-0.35731398392741726
MKD,ROU,North Macedonia,Romania,0.9806451860402136,0.019354813959786443,0.5000528512113734,0.4393783150151162,0.6697897625749059,0.2357491470676585
AGO,CHL,Angola,Chile,0.9806279807554247,0.019372019244575323,-0.9176893493716436,-0.4119262126113341,-0.7893152648813567,-0.30263477542526923
AGO,CAF,Angola,Central African Republic,0.980601010939978,0.01939898906002202,-0.9176893493716436,-0.4119262126113341,-0.8808034727019135,-0.33468177054263926
ERI,URY,Eritrea,Uruguay,0.9805322359482771,0.019467764051722902,-0.5097960753978275,-0.3282979593184322,-0.49045422470974837,-0.3926675362179383
SRB,SVK,Serbia,Slovakia,0.9805126417338963,0.019487358266103705,0.646958681918964,-0.11478715844491462,0.7323552102117511,-0.0009486932409793199
AGO,NLD,Angola,Netherlands (Kingdom of the),0.980509966003527,0.019490033996472977,-0.9176893493716436,-0.4119262126113341,-0.9198508107455324,-0.47042883371061633
AGO,GAB,Angola,Gabon,0.9802982277311006,0.019701772268899354,-0.9176893493716436,-0.4119262126113341,-0.9156613171007264,-0.3072397436496138
BTN,PHL,Bhutan,Philippines,0.9801293222633302,0.01987067773666984,0.3236577048178285,0.6138013845318399,0.1831376144259075,0.7422065734228366
BFA,TGO,Burkina Faso,Togo,0.9801071936723199,0.01989280632768009,-0.5213001817041157,-0.11880279166380511,-0.6574098161926776,-0.2063478608509413
ARG,GIN,Argentina,Guinea,0.9798377773571098,0.02016222264289025,-0.3889970005097918,-0.053193607575759805,-0.3442908844038231,-0.2837022554260082
ESP,KWT,Spain,Kuwait,0.9797364604494448,0.020263539550555154,0.08463375948107646,0.4567487919456135,0.1276511840914034,0.4645065819598044
ARM,OMN,Armenia,Oman,0.9796603918417828,0.020339608158217226,0.626456045488348,0.7992742604786301,0.49299701841314164,0.6917595646744342
POL,PRY,Poland,Paraguay,0.9795938230031177,0.020406176996882297,0.3343012429470196,-0.3971261561789622,0.44149758431655656,-0.33755588329320396
CPV,GNB,Cabo Verde,Guinea-Bissau,0.9795597258180894,0.020440274181910634,0.2599930613887221,-0.534643009856426,0.24894818587962383,-0.4347623395549677
CRI,SEN,Costa Rica,Senegal,0.9795574358406526,0.02044256415934742,0.2825296877851895,0.7988713147700952,0.2989140096851387,0.7557483959747471
HUN,UGA,Hungary,Uganda,0.9794198211900761,0.02058017880992391,0.473091464415267,-0.4987115012864082,0.48964492921491454,-0.5342625979493607
LSO,MWI,Lesotho,Malawi,0.9790954807669974,0.020904519233002627,-0.4760345630242617,-0.45064824509907025,-0.5610715560123977,-0.35731398392741726
SUR,URY,Suriname,Uruguay,0.97907404801621,0.020925951983789992,-0.5707777910971155,-0.24309218056316004,-0.49045422470974837,-0.3926675362179383
BLZ,EGY,Belize,Egypt,0.9788456436461723,0.021154356353827675,0.0010433900953379493,0.388048609560401,-0.04121581068098279,0.33321669809396465
BTN,FJI,Bhutan,Fiji,0.9788264553389493,0.021173544661050703,0.3236577048178285,0.6138013845318399,0.42221196255448235,0.3570659046301172
CZE,SVK,Czechia,Slovakia,0.9785355368957656,0.021464463104234444,0.6567601831308665,-0.16038035733457162,0.7323552102117511,-0.0009486932409793199
FRA,LTU,France,Lithuania,0.9784823620724136,0.02151763792758643,-0.4323231262492405,-0.18455782739124452,-0.2821059921689841,-0.22140338452246852
FJI,MRT,Fiji,Mauritania,0.9784255036594647,0.02157449634053532,0.42221196255448235,0.3570659046301172,0.3618340595028862,0.643246507660091
MOZ,ZWE,Mozambique,Zimbabwe,0.9781449712439618,0.021855028756038175,-0.2959550755317633,0.09623598818656613,-0.38692319422171384,0.032997537894759114
DZA,EGY,Algeria,Egypt,0.9781328990420647,0.021867100957935315,-0.16911873928922114,0.24910892056065367,-0.04121581068098279,0.33321669809396465
COL,MRT,Colombia,Mauritania,0.9780762594813877,0.021923740518612345,0.4141969939136615,0.5390482770685189,0.3618340595028862,0.643246507660091
CHN,TJK,China,Tajikistan,0.9780618106729657,0.021938189327034285,0.3057258257340583,0.7734646374386696,0.5532119697494983,0.8822010425688553
ERI,LSO,Eritrea,Lesotho,0.9777104523693816,0.02228954763061841,-0.5097960753978275,-0.3282979593184322,-0.4760345630242617,-0.45064824509907025
CHE,COD,Switzerland,Democratic Republic of the Congo,0.9775395975963586,0.022460402403641444,-0.9422023265181076,-0.536292970868915,-0.9166586831933831,-0.38771112121368
JPN,NAM,Japan,Namibia,0.9774550469393188,0.02254495306068116,0.41994409852455444,-0.5235491103770952,0.33127792074672735,-0.5723801322001518
SGP,THA,Singapore,Thailand,0.9773573926336951,0.022642607366304857,0.5923666283027663,0.2866501034518946,0.6531257936938204,0.06824587566982464
GBR,MUS,United Kingdom of Great Britain and Northern Ireland,Mauritius,0.977016803568854,0.02298319643114599,-0.8868764725276619,-0.6423291141770249,-0.9016547886712464,-0.7255887367396671
CHN,PRK,China,Democratic People's Republic of Korea,0.9769078724180017,0.0230921275819983,0.3057258257340583,0.7734646374386696,0.308448011176898,0.8853479360115978
AFG,DZA,Afghanistan,Algeria,0.9767417876436025,0.023258212356397467,-0.2063786762826777,0.2169262481004956,-0.16911873928922114,0.24910892056065367
BDI,ZAF,Burundi,South Africa,0.9765335672062188,0.023466432793781244,-0.5782321462448184,-0.5696170225175441,-0.4574706801085548,-0.5050958263830573
CHL,COD,Chile,Democratic Republic of the Congo,0.9763646727050744,0.023635327294925568,-0.7893152648813567,-0.30263477542526923,-0.9166586831933831,-0.38771112121368
SVK,VNM,Slovakia,Viet Nam,0.9763496386628863,0.023650361337113734,0.7323552102117511,-0.0009486932409793199,0.7032185993328707,0.1895875087707472
OMN,QAT,Oman,Qatar,0.9763090390444485,0.023690960955551454,0.49299701841314164,0.6917595646744342,0.584507707768568,0.8075772750445942
CHL,GHA,Chile,Ghana,0.976252417374387,0.02374758262561305,-0.7893152648813567,-0.30263477542526923,-0.7565596917279972,-0.22440238861318315
LBY,SYR,Libya,Syrian Arab Republic,0.9762209847849512,0.02377901521504877,-0.5804453406641154,-0.3828490339655347,-0.6174101613014916,-0.44303006212748863
BHR,ESP,Bahrain,Spain,0.9762020525445553,0.023797947455444723,-0.08267958230620637,0.3274520922814446,0.08463375948107646,0.4567487919456135
RUS,RWA,Russian Federation,Rwanda,0.9760822343264384,0.02391776567356163,-0.09578179039018521,-0.2668232407005363,-0.17792735769435725,-0.25458542997566547
CHN,KHM,China,Cambodia,0.9760564020356833,0.023943597964316665,0.3057258257340583,0.7734646374386696,0.1633454494435248,0.7200877812193102
CHN,MDV,China,Maldives,0.9759147621275163,0.024085237872483733,0.3057258257340583,0.7734646374386696,0.13100020570278204,0.8491370276718905
ARM,STP,Armenia,Sao Tome and Principe,0.9758372652573419,0.024162734742658065,0.626456045488348,0.7992742604786301,0.6850197348660733,0.9044516739449108
MWI,ZAF,Malawi,South Africa,0.9757871649985538,0.02421283500144622,-0.5610715560123977,-0.35731398392741726,-0.4574706801085548,-0.5050958263830573
MWI,ZMB,Malawi,Zambia,0.9756574189116947,0.024342581088305337,-0.5610715560123977,-0.35731398392741726,-0.6006206216937967,-0.2191531308132408
SWE,UKR,Sweden,Ukraine,0.9756566709972678,0.024343329002732172,-0.8187894466747365,-0.8673416288394563,-0.7251847300053079,-0.8717725329852528
CHN,PAN,China,Panama,0.9756508046772228,0.02434919532277724,0.3057258257340583,0.7734646374386696,0.2705562786101309,0.7684952320855056
BLZ,DZA,Belize,Algeria,0.9756191421471466,0.024380857852853377,0.0010433900953379493,0.388048609560401,-0.16911873928922114,0.24910892056065367
BIH,SVK,Bosnia and Herzegovina,Slovakia,0.9754379703203996,0.024562029679600417,0.7212223243464516,0.16097751502725027,0.7323552102117511,-0.0009486932409793199
JPN,KEN,Japan,Kenya,0.9754154623767963,0.024584537623203673,0.41994409852455444,-0.5235491103770952,0.4004248426614438,-0.38714764210689
AUT,CZE,Austria,Czechia,0.9754107789792182,0.02458922102078176,0.7753229046233798,-0.08964984018173607,0.6567601831308665,-0.16038035733457162
BEN,OMN,Benin,Oman,0.9753422455990767,0.024657754400923326,0.5769162052053822,0.7296696164037039,0.49299701841314164,0.6917595646744342
BHR,KWT,Bahrain,Kuwait,0.9752797616092164,0.024720238390783633,-0.08267958230620637,0.3274520922814446,0.1276511840914034,0.4645065819598044
BDI,LSO,Burundi,Lesotho,0.9752226689995505,0.024777331000449543,-0.5782321462448184,-0.5696170225175441,-0.4760345630242617,-0.45064824509907025
GHA,TGO,Ghana,Togo,0.9751522154689991,0.024847784531000894,-0.7565596917279972,-0.22440238861318315,-0.6574098161926776,-0.2063478608509413
MEX,MRT,Mexico,Mauritania,0.9751340899669692,0.024865910033030847,0.22479975371545607,0.7525906254500049,0.3618340595028862,0.643246507660091
SVK,THA,Slovakia,Thailand,0.9750414398950533,0.02495856010494668,0.7323552102117511,-0.0009486932409793199,0.6531257936938204,0.06824587566982464
DOM,TZA,Dominican Republic,United Republic of Tanzania,0.9747888069760232,0.025211193023976786,-0.3677898637574612,-0.08514523083255109,-0.25944831402745067,0.1060169764099831
MLI,SEN,Mali,Senegal,0.9741920806101102,0.0258079193898898,0.24208383249064205,0.8272597165579947,0.2989140096851387,0.7557483959747471
BLZ,KWT,Belize,Kuwait,0.9740162840315428,0.025983715968457166,0.0010433900953379493,0.388048609560401,0.1276511840914034,0.4645065819598044
ISR,SYR,Israel,Syrian Arab Republic,0.9738868138721607,0.026113186127839305,-0.45373596690862045,-0.29214544261781467,-0.6174101613014916,-0.44303006212748863
ATG,GRD,Antigua and Barbuda,Grenada,0.9734874307140094,0.02651256928599055,0.407111563310479,0.22071321794185306,0.47914062750937986,0.3142005147890056
COD,NLD,Democratic Republic of the Congo,Netherlands (Kingdom of the),0.9733965890428219,0.02660341095717811,-0.9166586831933831,-0.38771112121368,-0.9198508107455324,-0.47042883371061633
MYS,SAU,Malaysia,Saudi Arabia,0.9732987707779566,0.026701229222043432,0.40290634641061696,0.6416825263159981,0.23691260714483006,0.5390397524521486
ROU,THA,Romania,Thailand,0.9728065045370977,0.027193495462902284,0.6697897625749059,0.2357491470676585,0.6531257936938204,0.06824587566982464
JAM,OMN,Jamaica,Oman,0.972799505807593,0.027200494192407,0.28407308729867387,0.5596231203704806,0.49299701841314164,0.6917595646744342
NAM,NPL,Namibia,Nepal,0.9726249122686305,0.02737508773136954,0.33127792074672735,-0.5723801322001518,0.39560821183496475,-0.5953234162894433
CRI,GMB,Costa Rica,Gambia,0.9725100674020327,0.02748993259796728,0.2825296877851895,0.7988713147700952,0.35269196730380115,0.8460235878536326
JAM,MYS,Jamaica,Malaysia,0.9724984087672717,0.02750159123272833,0.28407308729867387,0.5596231203704806,0.40290634641061696,0.6416825263159981
COD,GNQ,Democratic Republic of the Congo,Equatorial Guinea,0.9724519984730052,0.02754800152699477,-0.9166586831933831,-0.38771112121368,-1.0,-0.3432877542991048
DJI,KOR,Djibouti,Republic of Korea,0.9723074510930048,0.02769254890699524,0.300092469937698,-0.6529358509189669,0.35430701838618206,-0.6128397028895705
ARE,OMN,United Arab Emirates,Oman,0.9721951778662328,0.027804822133767226,0.34881834422669306,0.5712512832212351,0.49299701841314164,0.6917595646744342
CRI,MLI,Costa Rica,Mali,0.9720732462429339,0.027926753757066103,0.2825296877851895,0.7988713147700952,0.24208383249064205,0.8272597165579947
ERI,ZAF,Eritrea,South Africa,0.9720178476785766,0.027982152321423426,-0.5097960753978275,-0.3282979593184322,-0.4574706801085548,-0.5050958263830573
MNG,USA,Mongolia,United States of America,0.9718893040179134,0.028110695982086598,0.06070401115284645,-0.2229886246208627,0.15034915604481894,-0.1841753559109041
ISL,SWE,Iceland,Sweden,0.971885355931299,0.02811464406870101,-0.870919580771995,-0.8321291913094094,-0.8187894466747365,-0.8673416288394563
MYS,QAT,Malaysia,Qatar,0.9715843758059298,0.028415624194070177,0.40290634641061696,0.6416825263159981,0.584507707768568,0.8075772750445942
FIN,POL,Finland,Poland,0.9714093378610428,0.028590662138957224,0.26310743103460976,-0.38087719682778676,0.3343012429470196,-0.3971261561789622
PRT,TCD,Portugal,Chad,0.9712851611974803,0.028714838802519682,-0.6770304891101041,-0.24316767980083812,-0.8845275856950542,-0.2731161963793555
AUS,LVA,Australia,Latvia,0.9712770598839273,0.02872294011607268,-0.05457890072961227,-0.2724106730983872,0.0906631967242451,-0.3446492916520376
SDN,SYR,Sudan,Syrian Arab Republic,0.9712636605946677,0.028736339405332267,-0.49036565313518976,-0.3215898809638962,-0.6174101613014916,-0.44303006212748863
CPV,LKA,Cabo Verde,Sri Lanka,0.9712271784519756,0.028772821548024408,0.2599930613887221,-0.534643009856426,0.09517251701075731,-0.5639488883873492
COM,DOM,Comoros,Dominican Republic,0.9712136349847772,0.028786365015222803,-0.34531729724667387,-0.0036416474061544512,-0.3677898637574612,-0.08514523083255109
GHA,TCD,Ghana,Chad,0.9707886413236989,0.02921135867630109,-0.7565596917279972,-0.22440238861318315,-0.8845275856950542,-0.2731161963793555
NER,VEN,Niger,Venezuela (Bolivarian Republic of),0.9707173099139121,0.02928269008608786,-0.12332709096413683,0.24109417582552836,0.13479575549885972,0.4499214198207007
LBN,SYR,Lebanon,Syrian Arab Republic,0.970444990140347,0.02955500985965298,-0.5279330078003049,-0.32606248393259024,-0.6174101613014916,-0.44303006212748863
CHE,GBR,Switzerland,United Kingdom of Great Britain and Northern Ireland,0.969929596921528,0.030070403078471974,-0.9422023265181076,-0.536292970868915,-0.8868764725276619,-0.6423291141770249
BEN,MYS,Benin,Malaysia,0.9698462264733467,0.03015377352665327,0.5769162052053822,0.7296696164037039,0.40290634641061696,0.6416825263159981
QAT,STP,Qatar,Sao Tome and Principe,0.9697025866548061,0.03029741334519387,0.584507707768568,0.8075772750445942,0.6850197348660733,0.9044516739449108
AUT,SRB,Austria,Serbia,0.9693766328950011,0.03062336710499891,0.7753229046233798,-0.08964984018173607,0.646958681918964,-0.11478715844491462
IRN,KWT,Iran (Islamic Republic of),Kuwait,0.9692704543413193,0.03072954565868069,0.19665970891353926,0.44329491643374724,0.1276511840914034,0.4645065819598044
BTN,WSM,Bhutan,Samoa,0.9692397209316018,0.030760279068398177,0.3236577048178285,0.6138013845318399,0.4293509665770557,0.47788395998945704
COD,TCD,Democratic Republic of the Congo,Chad,0.9691032218312503,0.030896778168749695,-0.9166586831933831,-0.38771112121368,-0.8845275856950542,-0.2731161963793555
ARE,MYS,United Arab Emirates,Malaysia,0.9688056541236539,0.031194345876346063,0.34881834422669306,0.5712512832212351,0.40290634641061696,0.6416825263159981
GUY,TTO,Guyana,Trinidad and Tobago,0.9684036050181499,0.03159639498185007,-0.5583321342166326,-0.2822426011340836,-0.4648226640789572,-0.3271908106314588
CUB,ERI,Cuba,Eritrea,0.9683753590405113,0.03162464095948869,-0.5824731551206139,-0.19946447475126422,-0.5097960753978275,-0.3282979593184322
ERI,SUR,Eritrea,Suriname,0.9682486032053557,0.03175139679464434,-0.5097960753978275,-0.3282979593184322,-0.5707777910971155,-0.24309218056316004
LVA,MDA,Latvia,Republic of Moldova,0.9679956445261513,0.03200435547384872,0.0906631967242451,-0.3446492916520376,0.2753520162508786,-0.41593141772193987
PRK,SEN,Democratic People's Republic of Korea,Senegal,0.9676511010890563,0.032348898910943724,0.308448011176898,0.8853479360115978,0.2989140096851387,0.7557483959747471
BDI,URY,Burundi,Uruguay,0.9675777742140408,0.03242222578595921,-0.5782321462448184,-0.5696170225175441,-0.49045422470974837,-0.3926675362179383
NIC,TKM,Nicaragua,Turkmenistan,0.9674398223417805,0.0325601776582195,0.7909596529482694,0.03472180862685984,0.8087138899320463,-0.012301932165959392
SUR,TTO,Suriname,Trinidad and Tobago,0.9671957900746864,0.03280420992531363,-0.5707777910971155,-0.24309218056316004,-0.4648226640789572,-0.3271908106314588
AUS,RUS,Australia,Russian Federation,0.9670292844171479,0.03297071558285214,-0.05457890072961227,-0.2724106730983872,-0.09578179039018521,-0.2668232407005363
MWI,TTO,Malawi,Trinidad and Tobago,0.9670102689010039,0.032989731098996056,-0.5610715560123977,-0.35731398392741726,-0.4648226640789572,-0.3271908106314588
DZA,NGA,Algeria,Nigeria,0.9669793820920708,0.033020617907929206,-0.16911873928922114,0.24910892056065367,-0.30857866747747476,0.04009966592443859
CUB,MWI,Cuba,Malawi,0.9666793168896559,0.033320683110344085,-0.5824731551206139,-0.19946447475126422,-0.5610715560123977,-0.35731398392741726
ARE,IRN,United Arab Emirates,Iran (Islamic Republic of),0.9661607754258698,0.033839224574130244,0.34881834422669306,0.5712512832212351,0.19665970891353926,0.44329491643374724
MRT,WSM,Mauritania,Samoa,0.9660890760551967,0.03391092394480333,0.3618340595028862,0.643246507660091,0.4293509665770557,0.47788395998945704
CHL,TGO,Chile,Togo,0.9660100934537332,0.03398990654626677,-0.7893152648813567,-0.30263477542526923,-0.6574098161926776,-0.2063478608509413
ARM,AZE,Armenia,Azerbaijan,0.9659512843313072,0.03404871566869283,0.626456045488348,0.7992742604786301,0.5546160483225896,0.605716061437163
JPN,KOR,Japan,Republic of Korea,0.9655203327889896,0.03447966721101037,0.41994409852455444,-0.5235491103770952,0.35430701838618206,-0.6128397028895705
MNE,SRB,Montenegro,Serbia,0.9654667697852373,0.03453323021476273,0.5644429471681426,-0.1477912176680181,0.646958681918964,-0.11478715844491462
LSO,TTO,Lesotho,Trinidad and Tobago,0.9654358733978706,0.034564126602129375,-0.4760345630242617,-0.45064824509907025,-0.4648226640789572,-0.3271908106314588
AGO,GNQ,Angola,Equatorial Guinea,0.9654062791595559,0.0345937208404441,-0.9176893493716436,-0.4119262126113341,-1.0,-0.3432877542991048
ARM,TJK,Armenia,Tajikistan,0.9653470498364429,0.03465295016355707,0.626456045488348,0.7992742604786301,0.5532119697494983,0.8822010425688553
BEN,QAT,Benin,Qatar,0.9649939138827459,0.03500608611725409,0.5769162052053822,0.7296696164037039,0.584507707768568,0.8075772750445942
ESP,JAM,Spain,Jamaica,0.964653003531058,0.035346996468942016,0.08463375948107646,0.4567487919456135,0.28407308729867387,0.5596231203704806
BRA,HTI,Brazil,Haiti,0.9645106375235689,0.035489362476431086,-0.7733001567289414,-0.5825676690102746,-0.7273117334448649,-0.5254705829324621
NGA,TUR,Nigeria,Türkiye,0.9643952771504954,0.035604722849504555,-0.30857866747747476,0.04009966592443859,-0.4074594036145379,-0.17841744736935586
EGY,ESP,Egypt,Spain,0.9643597946334126,0.03564020536658741,-0.04121581068098279,0.33321669809396465,0.08463375948107646,0.4567487919456135
AFG,BHR,Afghanistan,Bahrain,0.9640505531422944,0.035949446857705625,-0.2063786762826777,0.2169262481004956,-0.08267958230620637,0.3274520922814446
CRI,ECU,Costa Rica,Ecuador,0.9638426118504836,0.03615738814951641,0.2825296877851895,0.7988713147700952,0.12869920223704956,0.5867211576828335
BWA,VUT,Botswana,Vanuatu,0.9638094380202117,0.036190561979788316,0.4722798129159463,-0.25789892870502024,0.4250144795987581,-0.226996760793924
GMB,MRT,Gambia,Mauritania,0.9636936369640485,0.03630636303595147,0.35269196730380115,0.8460235878536326,0.3618340595028862,0.643246507660091
AFG,EGY,Afghanistan,Egypt,0.9636490941413971,0.0363509058586029,-0.2063786762826777,0.2169262481004956,-0.04121581068098279,0.33321669809396465
DEU,SWE,Germany,Sweden,0.9632578445395068,0.0367421554604932,-0.7486807660720135,-0.8562659105794426,-0.8187894466747365,-0.8673416288394563
BHS,GRD,Bahamas,Grenada,0.9629798440042447,0.037020155995755255,0.4921323195261291,0.37843587849823185,0.47914062750937986,0.3142005147890056
NGA,TUN,Nigeria,Tunisia,0.9628120777752776,0.03718792222472245,-0.30857866747747476,0.04009966592443859,-0.4431035235380227,-0.19221284872037864
SGP,WSM,Singapore,Samoa,0.9625013751260487,0.03749862487395128,0.5923666283027663,0.2866501034518946,0.4293509665770557,0.47788395998945704
IRQ,PAK,Iraq,Pakistan,0.9617305272642135,0.038269472735786514,-0.4273698951540442,-0.24560751373475273,-0.47802284633702136,-0.16518941870106138
MAR,TUN,Morocco,Tunisia,0.9615957008262874,0.038404299173712575,-0.25529926761361593,0.1256864258918541,-0.4431035235380227,-0.19221284872037864
KAZ,UGA,Kazakhstan,Uganda,0.9614036720980405,0.03859632790195955,0.3942022282817507,-0.5461607756179715,0.48964492921491454,-0.5342625979493607
GRC,HTI,Greece,Haiti,0.9612676781873822,0.038732321812617765,-0.6203889023538521,-0.4064518670655408,-0.7273117334448649,-0.5254705829324621
IRQ,JOR,Iraq,Jordan,0.9612407109947319,0.03875928900526815,-0.4273698951540442,-0.24560751373475273,-0.32245602726368916,-0.21408068443239056
CAN,USA,Canada,United States of America,0.9610363301925351,0.03896366980746491,0.17802197051356522,-0.22107218562139955,0.15034915604481894,-0.1841753559109041
AUT,SVK,Austria,Slovakia,0.9608357061470117,0.03916429385298825,0.7753229046233798,-0.08964984018173607,0.7323552102117511,-0.0009486932409793199
IRN,JAM,Iran (Islamic Republic of),Jamaica,0.9603400730193437,0.039659926980656346,0.19665970891353926,0.44329491643374724,0.28407308729867387,0.5596231203704806
PAN,PRK,Panama,Democratic People's Republic of Korea,0.9603178583349282,0.03968214166507178,0.2705562786101309,0.7684952320855056,0.308448011176898,0.8853479360115978
CZE,NZL,Czechia,New Zealand,0.9602594384214261,0.03974056157857386,0.6567601831308665,-0.16038035733457162,0.5419115108546235,-0.2922425276479549
FJI,SGP,Fiji,Singapore,0.9602572871034537,0.039742712896546295,0.42221196255448235,0.3570659046301172,0.5923666283027663,0.2866501034518946
GNQ,TCD,Equatorial Guinea,Chad,0.9593261464416477,0.04067385355835229,-1.0,-0.3432877542991048,-0.8845275856950542,-0.2731161963793555
AUT,TKM,Austria,Turkmenistan,0.9592738285071131,0.04072617149288693,0.7753229046233798,-0.08964984018173607,0.8087138899320463,-0.012301932165959392
HTI,SYR,Haiti,Syrian Arab Republic,0.9592616012517517,0.04073839874824825,-0.7273117334448649,-0.5254705829324621,-0.6174101613014916,-0.44303006212748863
HRV,TKM,Croatia,Turkmenistan,0.9590979351864038,0.04090206481359615,0.7011027638985781,-0.1348763780422858,0.8087138899320463,-0.012301932165959392
CZE,MNE,Czechia,Montenegro,0.9590688151586143,0.04093118484138569,0.6567601831308665,-0.16038035733457162,0.5644429471681426,-0.1477912176680181
BIH,TKM,Bosnia and Herzegovina,Turkmenistan,0.9587890262477007,0.04121097375229932,0.7212223243464516,0.16097751502725027,0.8087138899320463,-0.012301932165959392
BHS,HND,Bahamas,Honduras,0.9586840277598081,0.0413159722401919,0.4921323195261291,0.37843587849823185,0.5548355828634137,0.42122715431958546
AZE,BEN,Azerbaijan,Benin,0.9586552081666773,0.041344791833322736,0.5546160483225896,0.605716061437163,0.5769162052053822,0.7296696164037039
CHN,MLI,China,Mali,0.9584573482035847,0.04154265179641525,0.3057258257340583,0.7734646374386696,0.24208383249064205,0.8272597165579947
DOM,IRQ,Dominican Republic,Iraq,0.9583502796120478,0.04164972038795223,-0.3677898637574612,-0.08514523083255109,-0.4273698951540442,-0.24560751373475273
BLR,EST,Belarus,Estonia,0.958211646081816,0.04178835391818403,0.12180982124251061,-0.24002456760939034,0.2203564269172638,-0.2961394001343768
FRA,ZMB,France,Zambia,0.9580438617438931,0.04195613825610689,-0.4323231262492405,-0.18455782739124452,-0.6006206216937967,-0.2191531308132408
BHR,DZA,Bahrain,Algeria,0.9579602326132867,0.042039767386713334,-0.08267958230620637,0.3274520922814446,-0.16911873928922114,0.24910892056065367
SRB,THA,Serbia,Thailand,0.9577008067077862,0.042299193292213766,0.646958681918964,-0.11478715844491462,0.6531257936938204,0.06824587566982464
NZL,SRB,New Zealand,Serbia,0.957527264077014,0.04247273592298595,0.5419115108546235,-0.2922425276479549,0.646958681918964,-0.11478715844491462
PAK,TUR,Pakistan,Türkiye,0.9571257247482202,0.04287427525177978,-0.47802284633702136,-0.16518941870106138,-0.4074594036145379,-0.17841744736935586
POL,SVN,Poland,Slovenia,0.9569882122730972,0.04301178772690284,0.3343012429470196,-0.3971261561789622,0.30618939388950756,-0.4401746319868157
ISR,PAK,Israel,Pakistan,0.9568723543890543,0.04312764561094573,-0.45373596690862045,-0.29214544261781467,-0.47802284633702136,-0.16518941870106138
KIR,MDG,Kiribati,Madagascar,0.956838931309607,0.043161068690393045,-0.6759058164503526,-0.7615438649857907,-0.6884447780292576,-0.7894650046617321
AZE,BRB,Azerbaijan,Barbados,0.9565769701777788,0.04342302982222124,0.5546160483225896,0.605716061437163,0.6607463765647783,0.8273095170282395
DEU,UKR,Germany,Ukraine,0.9565179103712389,0.0434820896287611,-0.7486807660720135,-0.8562659105794426,-0.7251847300053079,-0.8717725329852528
DOM,TUR,Dominican Republic,Türkiye,0.9564540389222196,0.043545961077780415,-0.3677898637574612,-0.08514523083255109,-0.4074594036145379,-0.17841744736935586
KOR,NPL,Republic of Korea,Nepal,0.9564202245734694,0.043579775426530576,0.35430701838618206,-0.6128397028895705,0.39560821183496475,-0.5953234162894433
PAK,YEM,Pakistan,Yemen,0.9562296077761949,0.04377039222380508,-0.47802284633702136,-0.16518941870106138,-0.45355092514371526,-0.3223494704571514
MNE,UZB,Montenegro,Uzbekistan,0.9558979419859925,0.04410205801400746,0.5644429471681426,-0.1477912176680181,0.4336263184877968,-0.09460611884694065
UZB,VUT,Uzbekistan,Vanuatu,0.9558803449824267,0.04411965501757331,0.4336263184877968,-0.09460611884694065,0.4250144795987581,-0.226996760793924
CAN,EST,Canada,Estonia,0.9558762803034146,0.04412371969658535,0.17802197051356522,-0.22107218562139955,0.2203564269172638,-0.2961394001343768
CRI,PRK,Costa Rica,Democratic People's Republic of Korea,0.9555714478353595,0.04442855216464048,0.2825296877851895,0.7988713147700952,0.308448011176898,0.8853479360115978
GEO,GTM,Georgia,Guatemala,0.9553891151424113,0.044610884857588684,0.28934660166962445,0.02932650490267565,0.2160742699498957,-0.08704413511091696
EST,SLV,Estonia,El Salvador,0.9552243373692756,0.04477566263072441,0.2203564269172638,-0.2961394001343768,0.20811984179023804,-0.1400266507200804
PNG,TON,Papua New Guinea,Tonga,0.9550932207925499,0.04490677920745012,0.09115722546125618,0.5831988131868834,0.25242942717916933,0.44136082345845046
ERI,FRA,Eritrea,France,0.954887977182675,0.04511202281732496,-0.5097960753978275,-0.3282979593184322,-0.4323231262492405,-0.18455782739124452
DJI,LKA,Djibouti,Sri Lanka,0.9546625836911241,0.04533741630887589,0.300092469937698,-0.6529358509189669,0.09517251701075731,-0.5639488883873492
GRD,LCA,Grenada,Saint Lucia,0.9541638168591485,0.04583618314085147,0.47914062750937986,0.3142005147890056,0.4433502382153744,0.4083773083200902
CZE,HRV,Czechia,Croatia,0.9539819430323078,0.046018056967692234,0.6567601831308665,-0.16038035733457162,0.7011027638985781,-0.1348763780422858
MRT,SEN,Mauritania,Senegal,0.9538413831078167,0.04615861689218326,0.3618340595028862,0.643246507660091,0.2989140096851387,0.7557483959747471
ARE,AZE,United Arab Emirates,Azerbaijan,0.9533885708132213,0.04661142918677874,0.34881834422669306,0.5712512832212351,0.5546160483225896,0.605716061437163
LTU,RUS,Lithuania,Russian Federation,0.9524845183066766,0.047515481693323425,-0.2821059921689841,-0.22140338452246852,-0.09578179039018521,-0.2668232407005363
MNE,NZL,Montenegro,New Zealand,0.952296860107753,0.04770313989224695,0.5644429471681426,-0.1477912176680181,0.5419115108546235,-0.2922425276479549
BHR,BLZ,Bahrain,Belize,0.9521058836934927,0.047894116306507306,-0.08267958230620637,0.3274520922814446,0.0010433900953379493,0.388048609560401
EGY,MAR,Egypt,Morocco,0.9518871630383634,0.048112836961636596,-0.04121581068098279,0.33321669809396465,-0.25529926761361593,0.1256864258918541
DOM,PAK,Dominican Republic,Pakistan,0.9516916115224185,0.048308388477581454,-0.3677898637574612,-0.08514523083255109,-0.47802284633702136,-0.16518941870106138
ARM,BEN,Armenia,Benin,0.9515795426381334,0.04842045736186662,0.626456045488348,0.7992742604786301,0.5769162052053822,0.7296696164037039
EGY,IRN,Egypt,Iran (Islamic Republic of),0.9511437864849297,0.0488562135150703,-0.04121581068098279,0.33321669809396465,0.19665970891353926,0.44329491643374724
FIN,LVA,Finland,Latvia,0.9508774279154932,0.049122572084506766,0.26310743103460976,-0.38087719682778676,0.0906631967242451,-0.3446492916520376
HND,VCT,Honduras,Saint Vincent and the Grenadines,0.9507628388152025,0.049237161184797484,0.5548355828634137,0.42122715431958546,0.4359610223868036,0.27281009235500503
MNE,THA,Montenegro,Thailand,0.9504210059715285,0.049578994028471546,0.5644429471681426,-0.1477912176680181,0.6531257936938204,0.06824587566982464
HRV,SVK,Croatia,Slovakia,0.9498536831214902,0.05014631687850979,0.7011027638985781,-0.1348763780422858,0.7323552102117511,-0.0009486932409793199
COM,PAK,Comoros,Pakistan,0.949073287935224,0.05092671206477595,-0.34531729724667387,-0.0036416474061544512,-0.47802284633702136,-0.16518941870106138
AUS,BLR,Australia,Belarus,0.9490452160257983,0.05095478397420172,-0.05457890072961227,-0.2724106730983872,0.12180982124251061,-0.24002456760939034
BLR,SLV,Belarus,El Salvador,0.94863228574476,0.051367714255240005,0.12180982124251061,-0.24002456760939034,0.20811984179023804,-0.1400266507200804
BLR,USA,Belarus,United States of America,0.9475498892100132,0.05245011078998685,0.12180982124251061,-0.24002456760939034,0.15034915604481894,-0.1841753559109041
GBR,HTI,United Kingdom of Great Britain and Northern Ireland,Haiti,0.947547729208344,0.05245227079165604,-0.8868764725276619,-0.6423291141770249,-0.7273117334448649,-0.5254705829324621
JOR,TUR,Jordan,Türkiye,0.9472747196680683,0.05272528033193169,-0.32245602726368916,-0.21408068443239056,-0.4074594036145379,-0.17841744736935586
GBR,NLD,United Kingdom of Great Britain and Northern Ireland,Netherlands (Kingdom of the),0.9472452032032755,0.05275479679672446,-0.8868764725276619,-0.6423291141770249,-0.9198508107455324,-0.47042883371061633
PAK,TGO,Pakistan,Togo,0.9469479939904168,0.05305200600958315,-0.47802284633702136,-0.16518941870106138,-0.6574098161926776,-0.2063478608509413
EST,FIN,Estonia,Finland,0.9468695403465459,0.05313045965345409,0.2203564269172638,-0.2961394001343768,0.26310743103460976,-0.38087719682778676
HRV,SRB,Croatia,Serbia,0.9462790384586489,0.05372096154135109,0.7011027638985781,-0.1348763780422858,0.646958681918964,-0.11478715844491462
KIR,UKR,Kiribati,Ukraine,0.9462163681164353,0.05378363188356472,-0.6759058164503526,-0.7615438649857907,-0.7251847300053079,-0.8717725329852528
AUS,MNG,Australia,Mongolia,0.946042118395494,0.053957881604505986,-0.05457890072961227,-0.2724106730983872,0.06070401115284645,-0.2229886246208627
FIN,PRY,Finland,Paraguay,0.945864615713048,0.05413538428695197,0.26310743103460976,-0.38087719682778676,0.44149758431655656,-0.33755588329320396
ISR,JOR,Israel,Jordan,0.9456430136238279,0.054356986376172145,-0.45373596690862045,-0.29214544261781467,-0.32245602726368916,-0.21408068443239056
CAN,MMR,Canada,Myanmar,0.9451490820285063,0.05485091797149366,0.17802197051356522,-0.22107218562139955,0.2529419099555613,-0.1306036189624689
PRY,SVN,Paraguay,Slovenia,0.9449510738453553,0.05504892615464474,0.44149758431655656,-0.33755588329320396,0.30618939388950756,-0.4401746319868157
COG,GHA,Congo,Ghana,0.9447929200949029,0.0552070799050971,-0.8472872178424722,-0.36829402748533874,-0.7565596917279972,-0.22440238861318315
HND,LCA,Honduras,Saint Lucia,0.9446872316077222,0.055312768392277833,0.5548355828634137,0.42122715431958546,0.4433502382153744,0.4083773083200902
JOR,SDN,Jordan,Sudan,0.9445409371781852,0.055459062821814786,-0.32245602726368916,-0.21408068443239056,-0.49036565313518976,-0.3215898809638962
BFA,PAK,Burkina Faso,Pakistan,0.9434245850648166,0.056575414935183366,-0.5213001817041157,-0.11880279166380511,-0.47802284633702136,-0.16518941870106138
KOR,UGA,Republic of Korea,Uganda,0.9432603342795955,0.05673966572040445,0.35430701838618206,-0.6128397028895705,0.48964492921491454,-0.5342625979493607
FRA,RWA,France,Rwanda,0.9427138425756915,0.05728615742430854,-0.4323231262492405,-0.18455782739124452,-0.17792735769435725,-0.25458542997566547
SSD,UKR,South Sudan,Ukraine,0.9424770602491654,0.057522939750834556,-0.6408440789361036,-0.7695542548906458,-0.7251847300053079,-0.8717725329852528
JOR,TUN,Jordan,Tunisia,0.9417957844871269,0.058204215512873136,-0.32245602726368916,-0.21408068443239056,-0.4431035235380227,-0.19221284872037864
AFG,TZA,Afghanistan,United Republic of Tanzania,0.9415594525722696,0.058440547427730416,-0.2063786762826777,0.2169262481004956,-0.25944831402745067,0.1060169764099831
IRN,LCA,Iran (Islamic Republic of),Saint Lucia,0.9414678867146908,0.05853211328530916,0.19665970891353926,0.44329491643374724,0.4433502382153744,0.4083773083200902
MNG,SLV,Mongolia,El Salvador,0.9413967927035138,0.05860320729648616,0.06070401115284645,-0.2229886246208627,0.20811984179023804,-0.1400266507200804
GRD,VCT,Grenada,Saint Vincent and the Grenadines,0.9407411510300603,0.059258848969939715,0.47914062750937986,0.3142005147890056,0.4359610223868036,0.27281009235500503
MDA,POL,Republic of Moldova,Poland,0.9396569680179064,0.060343031982093565,0.2753520162508786,-0.41593141772193987,0.3343012429470196,-0.3971261561789622
AUS,RWA,Australia,Rwanda,0.9391004255627116,0.06089957443728844,-0.05457890072961227,-0.2724106730983872,-0.17792735769435725,-0.25458542997566547
ISL,UKR,Iceland,Ukraine,0.9390800776368883,0.06091992236311172,-0.870919580771995,-0.8321291913094094,-0.7251847300053079,-0.8717725329852528
NZL,UGA,New Zealand,Uganda,0.9385120635549568,0.061487936445043245,0.5419115108546235,-0.2922425276479549,0.48964492921491454,-0.5342625979493607
CIV,GNB,Côte d'Ivoire,Guinea-Bissau,0.9384262800330649,0.06157371996693506,0.02552423834661868,-0.43194877779892876,0.24894818587962383,-0.4347623395549677
BLR,LVA,Belarus,Latvia,0.9380754772662016,0.06192452273379845,0.12180982124251061,-0.24002456760939034,0.0906631967242451,-0.3446492916520376
BRA,GBR,Brazil,United Kingdom of Great Britain and Northern Ireland,0.937951952601899,0.06204804739810099,-0.7733001567289414,-0.5825676690102746,-0.8868764725276619,-0.6423291141770249
CUB,FRA,Cuba,France,0.9372313921458297,0.06276860785417027,-0.5824731551206139,-0.19946447475126422,-0.4323231262492405,-0.18455782739124452
LKA,NAM,Sri Lanka,Namibia,0.9360363312472938,0.0639636687527062,0.09517251701075731,-0.5639488883873492,0.33127792074672735,-0.5723801322001518
CPV,JPN,Cabo Verde,Japan,0.9358675565957505,0.0641324434042495,0.2599930613887221,-0.534643009856426,0.41994409852455444,-0.5235491103770952
DJI,JPN,Djibouti,Japan,0.935214195971794,0.064785804028206,0.300092469937698,-0.6529358509189669,0.41994409852455444,-0.5235491103770952
EST,POL,Estonia,Poland,0.9350224990153158,0.06497750098468424,0.2203564269172638,-0.2961394001343768,0.3343012429470196,-0.3971261561789622
AZE,LCA,Azerbaijan,Saint Lucia,0.9347972984384291,0.06520270156157093,0.5546160483225896,0.605716061437163,0.4433502382153744,0.4083773083200902
ALB,CYP,Albania,Cyprus,0.934582435880179,0.06541756411982103,0.06953276134590432,0.7528817455171478,0.1680608022336183,0.5938928487835183
IND,TTO,India,Trinidad and Tobago,0.9338276592747892,0.06617234072521083,-0.26973137678067644,-0.4643379236439993,-0.4648226640789572,-0.3271908106314588
BFA,GHA,Burkina Faso,Ghana,0.9333138240045481,0.0666861759954519,-0.5213001817041157,-0.11880279166380511,-0.7565596917279972,-0.22440238861318315
DJI,NPL,Djibouti,Nepal,0.9327510954417106,0.06724890455828936,0.300092469937698,-0.6529358509189669,0.39560821183496475,-0.5953234162894433
BDI,MDG,Burundi,Madagascar,0.9322866321131675,0.06771336788683247,-0.5782321462448184,-0.5696170225175441,-0.6884447780292576,-0.7894650046617321
COG,TGO,Congo,Togo,0.9322377234443251,0.0677622765556749,-0.8472872178424722,-0.36829402748533874,-0.6574098161926776,-0.2063478608509413
SWZ,ZAF,Eswatini,South Africa,0.9321234377791304,0.06787656222086957,-0.560362158733155,-0.6400840853632442,-0.4574706801085548,-0.5050958263830573
BDI,SWZ,Burundi,Eswatini,0.9320778395015336,0.06792216049846644,-0.5782321462448184,-0.5696170225175441,-0.560362158733155,-0.6400840853632442
BHR,TZA,Bahrain,United Republic of Tanzania,0.9318357407051067,0.06816425929489334,-0.08267958230620637,0.3274520922814446,-0.25944831402745067,0.1060169764099831
IND,SLB,India,Solomon Islands,0.9317180058966152,0.06828199410338476,-0.26973137678067644,-0.4643379236439993,-0.23513071475853375,-0.5334290604396017
HTI,LBY,Haiti,Libya,0.931702063279381,0.06829793672061901,-0.7273117334448649,-0.5254705829324621,-0.5804453406641154,-0.3828490339655347
NGA,TZA,Nigeria,United Republic of Tanzania,0.9297958561837157,0.07020414381628426,-0.30857866747747476,0.04009966592443859,-0.25944831402745067,0.1060169764099831
CPV,NPL,Cabo Verde,Nepal,0.9297552326708347,0.07024476732916529,0.2599930613887221,-0.534643009856426,0.39560821183496475,-0.5953234162894433
KEN,UZB,Kenya,Uzbekistan,0.9296393943362283,0.07036060566377167,0.4004248426614438,-0.38714764210689,0.4336263184877968,-0.09460611884694065
CYP,SYC,Cyprus,Seychelles,0.9293932803998629,0.07060671960013709,0.1680608022336183,0.5938928487835183,0.3652285402325606,0.5253781959858334
KEN,NAM,Kenya,Namibia,0.9289760246016028,0.07102397539839722,0.4004248426614438,-0.38714764210689,0.33127792074672735,-0.5723801322001518
GAB,PRT,Gabon,Portugal,0.9286057488847107,0.0713942511152893,-0.9156613171007264,-0.3072397436496138,-0.6770304891101041,-0.24316767980083812
CAF,PRT,Central African Republic,Portugal,0.9284053602165611,0.07159463978343894,-0.8808034727019135,-0.33468177054263926,-0.6770304891101041,-0.24316767980083812
EST,LVA,Estonia,Latvia,0.928239092220169,0.07176090777983102,0.2203564269172638,-0.2961394001343768,0.0906631967242451,-0.3446492916520376
PRT,TGO,Portugal,Togo,0.9280469179683677,0.07195308203163231,-0.6770304891101041,-0.24316767980083812,-0.6574098161926776,-0.2063478608509413
BHS,VCT,Bahamas,Saint Vincent and the Grenadines,0.9279907010325894,0.0720092989674106,0.4921323195261291,0.37843587849823185,0.4359610223868036,0.27281009235500503
KOR,LKA,Republic of Korea,Sri Lanka,0.9277328719538476,0.07226712804615243,0.35430701838618206,-0.6128397028895705,0.09517251701075731,-0.5639488883873492
LVA,SVN,Latvia,Slovenia,0.9275680329446695,0.0724319670553305,0.0906631967242451,-0.3446492916520376,0.30618939388950756,-0.4401746319868157
BOL,MLT,Bolivia,Malta,0.9272673091962871,0.07273269080371292,0.06972019478873102,0.6422197539440433,0.11313118231608973,0.6981857441413418
BEL,SLE,Belgium,Sierra Leone,0.9272232266285061,0.07277677337149391,-0.5599931953952962,-0.6799209075350852,-0.5159569517058935,-0.5702044301206322
DEU,MDG,Germany,Madagascar,0.9267368661904715,0.07326313380952854,-0.7486807660720135,-0.8562659105794426,-0.6884447780292576,-0.7894650046617321
BRN,CYP,Brunei Darussalam,Cyprus,0.9265568866946675,0.07344311330533249,0.0995470164565447,0.7542698898122595,0.1680608022336183,0.5938928487835183
BWA,LBR,Botswana,Liberia,0.9261817085856274,0.07381829141437257,0.4722798129159463,-0.25789892870502024,0.30931681327656746,-0.30965419473305605
BDI,SSD,Burundi,South Sudan,0.9251587343481881,0.07484126565181193,-0.5782321462448184,-0.5696170225175441,-0.6408440789361036,-0.7695542548906458
CYP,ITA,Cyprus,Italy,0.9244309843306733,0.07556901566932672,0.1680608022336183,0.5938928487835183,0.28094313077583694,0.6128996825688854
SLV,USA,El Salvador,United States of America,0.9241625701626875,0.07583742983731245,0.20811984179023804,-0.1400266507200804,0.15034915604481894,-0.1841753559109041
JPN,NZL,Japan,New Zealand,0.9240919648047691,0.07590803519523093,0.41994409852455444,-0.5235491103770952,0.5419115108546235,-0.2922425276479549
CYP,MLT,Cyprus,Malta,0.9239700548176883,0.07602994518231165,0.1680608022336183,0.5938928487835183,0.11313118231608973,0.6981857441413418
HRV,PRY,Croatia,Paraguay,0.9239602814192344,0.07603971858076564,0.7011027638985781,-0.1348763780422858,0.44149758431655656,-0.33755588329320396
CPV,NAM,Cabo Verde,Namibia,0.9237314875710919,0.07626851242890809,0.2599930613887221,-0.534643009856426,0.33127792074672735,-0.5723801322001518
BWA,MNE,Botswana,Montenegro,0.9235629466922788,0.07643705330772121,0.4722798129159463,-0.25789892870502024,0.5644429471681426,-0.1477912176680181
EST,MDA,Estonia,Republic of Moldova,0.9228566211172118,0.07714337888278822,0.2203564269172638,-0.2961394001343768,0.2753520162508786,-0.41593141772193987
AZE,BHS,Azerbaijan,Bahamas,0.9228447544247177,0.0771552455752823,0.5546160483225896,0.605716061437163,0.4921323195261291,0.37843587849823185
GBR,ISL,United Kingdom of Great Britain and Northern Ireland,Iceland,0.9227989281235309,0.07720107187646907,-0.8868764725276619,-0.6423291141770249,-0.870919580771995,-0.8321291913094094
NIC,SVK,Nicaragua,Slovakia,0.9219959160399847,0.07800408396001535,0.7909596529482694,0.03472180862685984,0.7323552102117511,-0.0009486932409793199
NAM,UGA,Namibia,Uganda,0.921353581008094,0.07864641899190605,0.33127792074672735,-0.5723801322001518,0.48964492921491454,-0.5342625979493607
ATG,VCT,Antigua and Barbuda,Saint Vincent and the Grenadines,0.9209538199326669,0.0790461800673331,0.407111563310479,0.22071321794185306,0.4359610223868036,0.27281009235500503
CHE,MUS,Switzerland,Mauritius,0.9208011606403614,0.07919883935963856,-0.9422023265181076,-0.536292970868915,-0.9016547886712464,-0.7255887367396671
GNB,LBR,Guinea-Bissau,Liberia,0.9206291210615122,0.07937087893848782,0.24894818587962383,-0.4347623395549677,0.30931681327656746,-0.30965419473305605
COM,TUR,Comoros,Türkiye,0.9198663496724941,0.08013365032750586,-0.34531729724667387,-0.0036416474061544512,-0.4074594036145379,-0.17841744736935586
MDG,UKR,Madagascar,Ukraine,0.9196528957918457,0.08034710420815427,-0.6884447780292576,-0.7894650046617321,-0.7251847300053079,-0.8717725329852528
HRV,NIC,Croatia,Nicaragua,0.9172070175542751,0.08279298244572486,0.7011027638985781,-0.1348763780422858,0.7909596529482694,0.03472180862685984
CPV,KEN,Cabo Verde,Kenya,0.9166700562449789,0.08332994375502112,0.2599930613887221,-0.534643009856426,0.4004248426614438,-0.38714764210689
BFA,COM,Burkina Faso,Comoros,0.9164281157674219,0.08357188423257811,-0.5213001817041157,-0.11880279166380511,-0.34531729724667387,-0.0036416474061544512
LBR,VUT,Liberia,Vanuatu,0.9162960623635384,0.08370393763646156,0.30931681327656746,-0.30965419473305605,0.4250144795987581,-0.226996760793924
LSO,SWZ,Lesotho,Eswatini,0.916013068506141,0.08398693149385905,-0.4760345630242617,-0.45064824509907025,-0.560362158733155,-0.6400840853632442
ALB,BOL,Albania,Bolivia,0.9139130153484777,0.08608698465152231,0.06953276134590432,0.7528817455171478,0.06972019478873102,0.6422197539440433
GNB,LKA,Guinea-Bissau,Sri Lanka,0.9136087306954515,0.08639126930454855,0.24894818587962383,-0.4347623395549677,0.09517251701075731,-0.5639488883873492
AZE,HND,Azerbaijan,Honduras,0.9131093539760604,0.08689064602393959,0.5546160483225896,0.605716061437163,0.5548355828634137,0.42122715431958546
MUS,SWE,Mauritius,Sweden,0.9125013752800498,0.08749862471995018,-0.9016547886712464,-0.7255887367396671,-0.8187894466747365,-0.8673416288394563
MDA,PRY,Republic of Moldova,Paraguay,0.9119562432596419,0.08804375674035814,0.2753520162508786,-0.41593141772193987,0.44149758431655656,-0.33755588329320396
LCA,VCT,Saint Lucia,Saint Vincent and the Grenadines,0.9106719997725976,0.0893280002274024,0.4433502382153744,0.4083773083200902,0.4359610223868036,0.27281009235500503
BWA,KEN,Botswana,Kenya,0.910021151591047,0.08997884840895298,0.4722798129159463,-0.25789892870502024,0.4004248426614438,-0.38714764210689
EST,MMR,Estonia,Myanmar,0.9097511995216203,0.09024880047837969,0.2203564269172638,-0.2961394001343768,0.2529419099555613,-0.1306036189624689
GNB,KEN,Guinea-Bissau,Kenya,0.9093946360130649,0.09060536398693508,0.24894818587962383,-0.4347623395549677,0.4004248426614438,-0.38714764210689
DNK,USA,Denmark,United States of America,0.9092314763281188,0.09076852367188115,0.11915738625620294,-0.15131789223914496,0.15034915604481894,-0.1841753559109041
SSD,SWZ,South Sudan,Eswatini,0.9079392662031525,0.09206073379684754,-0.6408440789361036,-0.7695542548906458,-0.560362158733155,-0.6400840853632442
NIC,ROU,Nicaragua,Romania,0.9078469244978296,0.09215307550217045,0.7909596529482694,0.03472180862685984,0.6697897625749059,0.2357491470676585
DEU,SSD,Germany,South Sudan,0.907681848905985,0.09231815109401498,-0.7486807660720135,-0.8562659105794426,-0.6408440789361036,-0.7695542548906458
BRA,MUS,Brazil,Mauritius,0.906951069427011,0.09304893057298902,-0.7733001567289414,-0.5825676690102746,-0.9016547886712464,-0.7255887367396671
BDI,KIR,Burundi,Kiribati,0.9067845392814705,0.09321546071852949,-0.5782321462448184,-0.5696170225175441,-0.6759058164503526,-0.7615438649857907
IND,LKA,India,Sri Lanka,0.9062420036069259,0.09375799639307414,-0.26973137678067644,-0.4643379236439993,0.09517251701075731,-0.5639488883873492
GNB,VUT,Guinea-Bissau,Vanuatu,0.9050257059209469,0.09497429407905311,0.24894818587962383,-0.4347623395549677,0.4250144795987581,-0.226996760793924
LVA,RUS,Latvia,Russian Federation,0.9049405053433819,0.09505949465661812,0.0906631967242451,-0.3446492916520376,-0.09578179039018521,-0.2668232407005363
IND,URY,India,Uruguay,0.9047512574902148,0.09524874250978521,-0.26973137678067644,-0.4643379236439993,-0.49045422470974837,-0.3926675362179383
IND,ZAF,India,South Africa,0.9032871515169469,0.09671284848305306,-0.26973137678067644,-0.4643379236439993,-0.4574706801085548,-0.5050958263830573
KIR,SWZ,Kiribati,Eswatini,0.9026610421580362,0.09733895784196378,-0.6759058164503526,-0.7615438649857907,-0.560362158733155,-0.6400840853632442
BEL,KIR,Belgium,Kiribati,0.902049448734012,0.09795055126598795,-0.5599931953952962,-0.6799209075350852,-0.6759058164503526,-0.7615438649857907
ECU,SEN,Ecuador,Senegal,0.9011604845938254,0.09883951540617464,0.12869920223704956,0.5867211576828335,0.2989140096851387,0.7557483959747471
BOL,BRN,Bolivia,Brunei Darussalam,0.9007611788738675,0.09923882112613247,0.06972019478873102,0.6422197539440433,0.0995470164565447,0.7542698898122595
ECU,NER,Ecuador,Niger,0.8998297864089412,0.10017021359105882,0.12869920223704956,0.5867211576828335,-0.12332709096413683,0.24109417582552836
CIV,LBR,Côte d'Ivoire,Liberia,0.899370134533723,0.10062986546627695,0.02552423834661868,-0.43194877779892876,0.30931681327656746,-0.30965419473305605
ECU,MLI,Ecuador,Mali,0.8991482608360337,0.10085173916396628,0.12869920223704956,0.5867211576828335,0.24208383249064205,0.8272597165579947
KAZ,SVN,Kazakhstan,Slovenia,0.8988111631604226,0.10118883683957736,0.3942022282817507,-0.5461607756179715,0.30618939388950756,-0.4401746319868157
BOL,IDN,Bolivia,Indonesia,0.8986172793280498,0.1013827206719502,0.06972019478873102,0.6422197539440433,0.04967017434488406,0.8179212854683265
BFA,CHL,Burkina Faso,Chile,0.8985550864518339,0.1014449135481661,-0.5213001817041157,-0.11880279166380511,-0.7893152648813567,-0.30263477542526923
BRA,GRC,Brazil,Greece,0.8983008445542916,0.1016991554457084,-0.7733001567289414,-0.5825676690102746,-0.6203889023538521,-0.4064518670655408
BOL,LAO,Bolivia,Lao People's Democratic Republic,0.8978713499061772,0.10212865009382277,0.06972019478873102,0.6422197539440433,0.16404200323064758,0.6737585959270352
ESP,VEN,Spain,Venezuela (Bolivarian Republic of),0.8977786578683963,0.10222134213160372,0.08463375948107646,0.4567487919456135,0.13479575549885972,0.4499214198207007
GTM,USA,Guatemala,United States of America,0.8970513458373821,0.10294865416261789,0.2160742699498957,-0.08704413511091696,0.15034915604481894,-0.1841753559109041
FJI,UZB,Fiji,Uzbekistan,0.8969745299074233,0.10302547009257668,0.42221196255448235,0.3570659046301172,0.4336263184877968,-0.09460611884694065
AUT,NIC,Austria,Nicaragua,0.8962464895338997,0.10375351046610026,0.7753229046233798,-0.08964984018173607,0.7909596529482694,0.03472180862685984
SOM,TGO,Somalia,Togo,0.8961144303786882,0.10388556962131179,-0.7648190119535673,-0.41567310937230384,-0.6574098161926776,-0.2063478608509413
MNG,RUS,Mongolia,Russian Federation,0.8960064307560085,0.1039935692439915,0.06070401115284645,-0.2229886246208627,-0.09578179039018521,-0.2668232407005363
ECU,VEN,Ecuador,Venezuela (Bolivarian Republic of),0.8951251195767392,0.10487488042326076,0.12869920223704956,0.5867211576828335,0.13479575549885972,0.4499214198207007
CAF,SOM,Central African Republic,Somalia,0.8936462170383971,0.10635378296160292,-0.8808034727019135,-0.33468177054263926,-0.7648190119535673,-0.41567310937230384
KAZ,MDA,Kazakhstan,Republic of Moldova,0.8933024448538551,0.10669755514614487,0.3942022282817507,-0.5461607756179715,0.2753520162508786,-0.41593141772193987
HRV,NOR,Croatia,Norway,0.8923479718910953,0.10765202810890473,0.7011027638985781,-0.1348763780422858,0.7102359243178687,-0.03318223450116499
COD,SOM,Democratic Republic of the Congo,Somalia,0.8922715181973888,0.10772848180261119,-0.9166586831933831,-0.38771112121368,-0.7648190119535673,-0.41567310937230384
BEL,SWZ,Belgium,Eswatini,0.8921468332903131,0.10785316670968692,-0.5599931953952962,-0.6799209075350852,-0.560362158733155,-0.6400840853632442
LAO,PNG,Lao People's Democratic Republic,Papua New Guinea,0.8907854252210301,0.1092145747789699,0.16404200323064758,0.6737585959270352,0.09115722546125618,0.5831988131868834
MLT,PNG,Malta,Papua New Guinea,0.8905349833177225,0.10946501668227748,0.11313118231608973,0.6981857441413418,0.09115722546125618,0.5831988131868834
AGO,SOM,Angola,Somalia,0.8904244737852919,0.10957552621470812,-0.9176893493716436,-0.4119262126113341,-0.7648190119535673,-0.41567310937230384
KHM,PNG,Cambodia,Papua New Guinea,0.8900525515710758,0.10994744842892423,0.1633454494435248,0.7200877812193102,0.09115722546125618,0.5831988131868834
LBR,UZB,Liberia,Uzbekistan,0.8897927162244819,0.11020728377551814,0.30931681327656746,-0.30965419473305605,0.4336263184877968,-0.09460611884694065
DEU,KIR,Germany,Kiribati,0.8894858866535154,0.11051411334648464,-0.7486807660720135,-0.8562659105794426,-0.6759058164503526,-0.7615438649857907
HUN,SVN,Hungary,Slovenia,0.8888928399314373,0.1111071600685627,0.473091464415267,-0.4987115012864082,0.30618939388950756,-0.4401746319868157
GRD,HND,Grenada,Honduras,0.8886010900719914,0.1113989099280086,0.47914062750937986,0.3142005147890056,0.5548355828634137,0.42122715431958546
NOR,SVK,Norway,Slovakia,0.8877728014692581,0.11222719853074192,0.7102359243178687,-0.03318223450116499,0.7323552102117511,-0.0009486932409793199
HUN,KOR,Hungary,Republic of Korea,0.8874698181763282,0.1125301818236718,0.473091464415267,-0.4987115012864082,0.35430701838618206,-0.6128397028895705
ATG,BHS,Antigua and Barbuda,Bahamas,0.8870776919716378,0.11292230802836223,0.407111563310479,0.22071321794185306,0.4921323195261291,0.37843587849823185
ERI,LTU,Eritrea,Lithuania,0.8870098696892181,0.11299013031078187,-0.5097960753978275,-0.3282979593184322,-0.2821059921689841,-0.22140338452246852
AUS,LTU,Australia,Lithuania,0.8868873375764693,0.11311266242353069,-0.05457890072961227,-0.2724106730983872,-0.2821059921689841,-0.22140338452246852
BRA,SYR,Brazil,Syrian Arab Republic,0.8860964064499485,0.11390359355005153,-0.7733001567289414,-0.5825676690102746,-0.6174101613014916,-0.44303006212748863
SLE,SOM,Sierra Leone,Somalia,0.8859707762558695,0.11402922374413049,-0.5159569517058935,-0.5702044301206322,-0.7648190119535673,-0.41567310937230384
PNG,TLS,Papua New Guinea,Timor-Leste,0.8859196962216717,0.11408030377832834,0.09115722546125618,0.5831988131868834,0.10812315809858428,0.777855746765321
MNE,VUT,Montenegro,Vanuatu,0.8854931819275664,0.11450681807243357,0.5644429471681426,-0.1477912176680181,0.4250144795987581,-0.226996760793924
BFA,ZWE,Burkina Faso,Zimbabwe,0.8845001115842849,0.11549988841571512,-0.5213001817041157,-0.11880279166380511,-0.38692319422171384,0.032997537894759114
IRL,VCT,Ireland,Saint Vincent and the Grenadines,0.8833999930531454,0.11660000694685457,0.3431712881420122,0.053722483576933884,0.4359610223868036,0.27281009235500503
ATG,GEO,Antigua and Barbuda,Georgia,0.8827104433198938,0.11728955668010621,0.407111563310479,0.22071321794185306,0.28934660166962445,0.02932650490267565
IRL,MMR,Ireland,Myanmar,0.8812385229979014,0.1187614770020986,0.3431712881420122,0.053722483576933884,0.2529419099555613,-0.1306036189624689
LVA,RWA,Latvia,Rwanda,0.8806306660673854,0.11936933393261462,0.0906631967242451,-0.3446492916520376,-0.17792735769435725,-0.25458542997566547
NOR,TKM,Norway,Turkmenistan,0.88014011291173,0.11985988708827,0.7102359243178687,-0.03318223450116499,0.8087138899320463,-0.012301932165959392
CIV,CPV,Côte d'Ivoire,Cabo Verde,0.8796066099089807,0.12039339009101935,0.02552423834661868,-0.43194877779892876,0.2599930613887221,-0.534643009856426
DEU,ISL,Germany,Iceland,0.8786824964636322,0.12131750353636783,-0.7486807660720135,-0.8562659105794426,-0.870919580771995,-0.8321291913094094
ARG,NER,Argentina,Niger,0.8780726165718719,0.12192738342812814,-0.3889970005097918,-0.053193607575759805,-0.12332709096413683,0.24109417582552836
AUT,NOR,Austria,Norway,0.8765683119875868,0.12343168801241322,0.7753229046233798,-0.08964984018173607,0.7102359243178687,-0.03318223450116499
BDI,BEL,Burundi,Belgium,0.8763507655265992,0.12364923447340082,-0.5782321462448184,-0.5696170225175441,-0.5599931953952962,-0.6799209075350852
BLR,MMR,Belarus,Myanmar,0.8761906382706516,0.12380936172934842,0.12180982124251061,-0.24002456760939034,0.2529419099555613,-0.1306036189624689
LKA,SLB,Sri Lanka,Solomon Islands,0.8750762133979282,0.12492378660207182,0.09517251701075731,-0.5639488883873492,-0.23513071475853375,-0.5334290604396017
KIR,SWE,Kiribati,Sweden,0.8748728144981505,0.12512718550184954,-0.6759058164503526,-0.7615438649857907,-0.8187894466747365,-0.8673416288394563
SLB,ZAF,Solomon Islands,South Africa,0.8719495696812607,0.1280504303187393,-0.23513071475853375,-0.5334290604396017,-0.4574706801085548,-0.5050958263830573
HUN,NZL,Hungary,New Zealand,0.8708437109062063,0.12915628909379373,0.473091464415267,-0.4987115012864082,0.5419115108546235,-0.2922425276479549
CAN,DNK,Canada,Denmark,0.8692949439288828,0.13070505607111715,0.17802197051356522,-0.22107218562139955,0.11915738625620294,-0.15131789223914496
NOR,THA,Norway,Thailand,0.8676633474787007,0.13233665252129934,0.7102359243178687,-0.03318223450116499,0.6531257936938204,0.06824587566982464
SAU,VEN,Saudi Arabia,Venezuela (Bolivarian Republic of),0.8666221265337056,0.13337787346629437,0.23691260714483006,0.5390397524521486,0.13479575549885972,0.4499214198207007
DNK,GTM,Denmark,Guatemala,0.866360224523024,0.13363977547697603,0.11915738625620294,-0.15131789223914496,0.2160742699498957,-0.08704413511091696
GIN,PRT,Guinea,Portugal,0.863202749785243,0.13679725021475697,-0.3442908844038231,-0.2837022554260082,-0.6770304891101041,-0.24316767980083812
LSO,SLB,Lesotho,Solomon Islands,0.863187032122491,0.13681296787750896,-0.4760345630242617,-0.45064824509907025,-0.23513071475853375,-0.5334290604396017
ATG,LCA,Antigua and Barbuda,Saint Lucia,0.8620315623661987,0.1379684376338013,0.407111563310479,0.22071321794185306,0.4433502382153744,0.4083773083200902
FSM,MNE,Micronesia (Federated States of),Montenegro,0.861593069593789,0.138406930406211,0.4493079656597302,-0.1212368174966443,0.5644429471681426,-0.1477912176680181
KAZ,KOR,Kazakhstan,Republic of Korea,0.8598174673764307,0.14018253262356928,0.3942022282817507,-0.5461607756179715,0.35430701838618206,-0.6128397028895705
COM,ZWE,Comoros,Zimbabwe,0.8530640547164049,0.1469359452835951,-0.34531729724667387,-0.0036416474061544512,-0.38692319422171384,0.032997537894759114
BEL,ZAF,Belgium,South Africa,0.8520572518543317,0.14794274814566832,-0.5599931953952962,-0.6799209075350852,-0.4574706801085548,-0.5050958263830573
FSM,SRB,Micronesia (Federated States of),Serbia,0.8513747123559696,0.14862528764403038,0.4493079656597302,-0.1212368174966443,0.646958681918964,-0.11478715844491462
GEO,MMR,Georgia,Myanmar,0.8511481065495535,0.14885189345044647,0.28934660166962445,0.02932650490267565,0.2529419099555613,-0.1306036189624689
DNK,MNG,Denmark,Mongolia,0.8503290662970328,0.14967093370296725,0.11915738625620294,-0.15131789223914496,0.06070401115284645,-0.2229886246208627
SLE,SWZ,Sierra Leone,Eswatini,0.8473937256885179,0.1526062743114821,-0.5159569517058935,-0.5702044301206322,-0.560362158733155,-0.6400840853632442
BLR,DNK,Belarus,Denmark,0.846837194460136,0.15316280553986406,0.12180982124251061,-0.24002456760939034,0.11915738625620294,-0.15131789223914496
COM,MOZ,Comoros,Mozambique,0.8452669156295795,0.15473308437042055,-0.34531729724667387,-0.0036416474061544512,-0.2959550755317633,0.09623598818656613
SLB,SLE,Solomon Islands,Sierra Leone,0.8422007824008414,0.1577992175991586,-0.23513071475853375,-0.5334290604396017,-0.5159569517058935,-0.5702044301206322
BGD,KGZ,Bangladesh,Kyrgyzstan,0.8400292483330527,0.1599707516669473,-0.016332976827870903,0.27194397389152186,0.2792297840958329,0.2462050527716191
MYS,VEN,Malaysia,Venezuela (Bolivarian Republic of),0.8387719854718388,0.16122801452816116,0.40290634641061696,0.6416825263159981,0.13479575549885972,0.4499214198207007
CIV,SLB,Côte d'Ivoire,Solomon Islands,0.8386792217065144,0.16132077829348557,0.02552423834661868,-0.43194877779892876,-0.23513071475853375,-0.5334290604396017
ARG,BFA,Argentina,Burkina Faso,0.8377912093272809,0.1622087906727191,-0.3889970005097918,-0.053193607575759805,-0.5213001817041157,-0.11880279166380511
CZE,FSM,Czechia,Micronesia (Federated States of),0.8364793512413587,0.16352064875864125,0.6567601831308665,-0.16038035733457162,0.4493079656597302,-0.1212368174966443
GEO,IRL,Georgia,Ireland,0.8337545853716908,0.16624541462830922,0.28934660166962445,0.02932650490267565,0.3431712881420122,0.053722483576933884
MOZ,NER,Mozambique,Niger,0.8327393568336279,0.16726064316637212,-0.2959550755317633,0.09623598818656613,-0.12332709096413683,0.24109417582552836
FSM,NZL,Micronesia (Federated States of),New Zealand,0.8299665593943002,0.1700334406056998,0.4493079656597302,-0.1212368174966443,0.5419115108546235,-0.2922425276479549
CIV,GIN,Côte d'Ivoire,Guinea,0.8290740157194212,0.1709259842805788,0.02552423834661868,-0.43194877779892876,-0.3442908844038231,-0.2837022554260082
ARG,PRT,Argentina,Portugal,0.8279390601996456,0.17206093980035442,-0.3889970005097918,-0.053193607575759805,-0.6770304891101041,-0.24316767980083812
BFA,MOZ,Burkina Faso,Mozambique,0.8258658012395137,0.1741341987604863,-0.5213001817041157,-0.11880279166380511,-0.2959550755317633,0.09623598818656613
MOZ,TZA,Mozambique,United Republic of Tanzania,0.8249886388456574,0.17501136115434257,-0.2959550755317633,0.09623598818656613,-0.25944831402745067,0.1060169764099831
ARG,COM,Argentina,Comoros,0.8240607753710644,0.17593922462893563,-0.3889970005097918,-0.053193607575759805,-0.34531729724667387,-0.0036416474061544512
TZA,ZWE,United Republic of Tanzania,Zimbabwe,0.8207153053486229,0.17928469465137709,-0.25944831402745067,0.1060169764099831,-0.38692319422171384,0.032997537894759114
BFA,GIN,Burkina Faso,Guinea,0.8196789601821337,0.1803210398178663,-0.5213001817041157,-0.11880279166380511,-0.3442908844038231,-0.2837022554260082
COM,NER,Comoros,Niger,0.8196070421250548,0.18039295787494525,-0.34531729724667387,-0.0036416474061544512,-0.12332709096413683,0.24109417582552836
GTM,MMR,Guatemala,Myanmar,0.8190686655886655,0.18093133441133447,0.2160742699498957,-0.08704413511091696,0.2529419099555613,-0.1306036189624689
GIN,IND,Guinea,India,0.8184736083548598,0.18152639164514017,-0.3442908844038231,-0.2837022554260082,-0.26973137678067644,-0.4643379236439993
FSM,KEN,Micronesia (Federated States of),Kenya,0.816971874715604,0.18302812528439605,0.4493079656597302,-0.1212368174966443,0.4004248426614438,-0.38714764210689
GTM,SLV,Guatemala,El Salvador,0.810290043846484,0.18970995615351605,0.2160742699498957,-0.08704413511091696,0.20811984179023804,-0.1400266507200804
TGO,ZWE,Togo,Zimbabwe,0.7989485716985583,0.20105142830144174,-0.6574098161926776,-0.2063478608509413,-0.38692319422171384,0.032997537894759114
BGD,TON,Bangladesh,Tonga,0.7933848071841856,0.20661519281581442,-0.016332976827870903,0.27194397389152186,0.25242942717916933,0.44136082345845046
GEO,SLV,Georgia,El Salvador,0.792893774856665,0.207106225143335,0.28934660166962445,0.02932650490267565,0.20811984179023804,-0.1400266507200804
CMR,VUT,Cameroon,Vanuatu,0.791809054716562,0.20819094528343796,0.48826616761324637,0.030218620825571627,0.4250144795987581,-0.226996760793924
ATG,IRL,Antigua and Barbuda,Ireland,0.7857099295456128,0.2142900704543872,0.407111563310479,0.22071321794185306,0.3431712881420122,0.053722483576933884
IRL,SLV,Ireland,El Salvador,0.7824354653331557,0.21756453466684433,0.3431712881420122,0.053722483576933884,0.20811984179023804,-0.1400266507200804
CMR,NOR,Cameroon,Norway,0.7627739093410068,0.23722609065899325,0.48826616761324637,0.030218620825571627,0.7102359243178687,-0.03318223450116499
TON,WSM,Tonga,Samoa,0.761223858965925,0.23877614103407496,0.25242942717916933,0.44136082345845046,0.4293509665770557,0.47788395998945704
CHN,TON,China,Tonga,0.7601353332435757,0.23986466675642426,0.3057258257340583,0.7734646374386696,0.25242942717916933,0.44136082345845046
KHM,TON,Cambodia,Tonga,0.7598135947084199,0.24018640529158009,0.1633454494435248,0.7200877812193102,0.25242942717916933,0.44136082345845046
ETH,LUX,Ethiopia,Luxembourg,0.7519297201905406,0.2480702798094594,0.08764294932558861,-0.008532233832658307,0.2222136045815795,0.2636357029292781
SLE,ZAF,Sierra Leone,South Africa,0.7493633929592391,0.25063660704076085,-0.5159569517058935,-0.5702044301206322,-0.4574706801085548,-0.5050958263830573
CMR,NZL,Cameroon,New Zealand,0.7037176777081674,0.2962823222918326,0.48826616761324637,0.030218620825571627,0.5419115108546235,-0.2922425276479549
CMR,THA,Cameroon,Thailand,0.7025730917103299,0.2974269082896701,0.48826616761324637,0.030218620825571627,0.6531257936938204,0.06824587566982464
CMR,TON,Cameroon,Tonga,0.7023572836863651,0.2976427163136349,0.48826616761324637,0.030218620825571627,0.25242942717916933,0.44136082345845046
CYP,LUX,Cyprus,Luxembourg,0.672849860353347,0.32715013964665296,0.1680608022336183,0.5938928487835183,0.2222136045815795,0.2636357029292781
ATG,KGZ,Antigua and Barbuda,Kyrgyzstan,0.6481528059553834,0.3518471940446166,0.407111563310479,0.22071321794185306,0.2792297840958329,0.2462050527716191
GEO,KGZ,Georgia,Kyrgyzstan,0.6130612155821287,0.38693878441787133,0.28934660166962445,0.02932650490267565,0.2792297840958329,0.2462050527716191
BGD,ZWE,Bangladesh,Zimbabwe,0.6040249440111275,0.3959750559888725,-0.016332976827870903,0.27194397389152186,-0.38692319422171384,0.032997537894759114
BGD,PNG,Bangladesh,Papua New Guinea,0.5955955337592337,0.4044044662407663,-0.016332976827870903,0.27194397389152186,0.09115722546125618,0.5831988131868834
BGD,MOZ,Bangladesh,Mozambique,0.5946134161221791,0.4053865838778209,-0.016332976827870903,0.27194397389152186,-0.2959550755317633,0.09623598818656613
LUX,VCT,Luxembourg,Saint Vincent and the Grenadines,0.5819646237459594,0.41803537625404064,0.2222136045815795,0.2636357029292781,0.4359610223868036,0.27281009235500503
GRD,KGZ,Grenada,Kyrgyzstan,0.5706146298273135,0.4293853701726865,0.47914062750937986,0.3142005147890056,0.2792297840958329,0.2462050527716191
FSM,LUX,Micronesia (Federated States of),Luxembourg,0.5498398037037792,0.45016019629622084,0.4493079656597302,-0.1212368174966443,0.2222136045815795,0.2636357029292781
BHS,KGZ,Bahamas,Kyrgyzstan,0.5342204202621297,0.4657795797378703,0.4921323195261291,0.37843587849823185,0.2792297840958329,0.2462050527716191
BOL,LUX,Bolivia,Luxembourg,0.5286046489677783,0.47139535103222174,0.06972019478873102,0.6422197539440433,0.2222136045815795,0.2636357029292781
DNK,ETH,Denmark,Ethiopia,0.4544742148017541,0.5455257851982459,0.11915738625620294,-0.15131789223914496,0.08764294932558861,-0.008532233832658307
ETH,JOR,Ethiopia,Jordan,0.4296470913377985,0.5703529086622015,0.08764294932558861,-0.008532233832658307,-0.32245602726368916,-0.21408068443239056
ETH,FSM,Ethiopia,Micronesia (Federated States of),0.3805866932559015,0.6194133067440986,0.08764294932558861,-0.008532233832658307,0.4493079656597302,-0.1212368174966443
