iso3,location_name,region_name,income_group,sex_name,year,population,suicide_rate,depression_dalys_rate,addiction_death_rate,selfharm_death_rate,risk_index,age_name,is_synthetic,generator_version,seed,cluster,cluster_label,outlier_score,is_outlier,suicide_rate_z,depression_dalys_rate_z,addiction_death_rate_z,selfharm_death_rate_z,outlier_reason
SYR,Syrian Arab Republic,Eastern Mediterranean Region,LI,Both,2023,16087809.259788657,184.5011868259125,1531.4204389059971,1.094878233948669,1.0020018752949431,0.7528227418849721,All ages,1,1.0,42,2,Cluster C,0.16057842852621185,True,3.4389494222413997,3.961459370025422,-0.613061946567751,-1.5996171589277537,suicide_rate (high); depression_dalys_rate (high)
GBR,United Kingdom of Great Britain and Northern Ireland,European Region,HI,Both,2023,80397874.40398921,167.36516698674964,1309.3073442905654,9.333429700092443,9.056112762292836,1.1136616669035415,All ages,1,1.0,42,2,Cluster C,0.111713169826405,True,2.756419673382629,2.871324995212527,1.1229175276742485,-0.1677565392247117,suicide_rate (high); depression_dalys_rate (high)
USA,United States of America,Region of the Americas,HI,Both,2023,68631296.86614636,116.67007956818996,821.9610094918061,31.476539708469865,14.463088179352736,1.6919851417530374,All ages,1,1.0,42,0,Cluster B,0.09627759709561778,True,0.7372281919929045,0.4794219292404303,5.788784413181298,0.7934960782291667,addiction_death_rate (high)
MNG,Mongolia,Western Pacific Region,UMI,Both,2023,40655274.67032935,102.24254351431247,633.749920261519,27.911249540204945,18.105830409837235,1.432374262842244,All ages,1,1.0,42,0,Cluster B,0.07014291410757711,True,0.16257768085151889,-0.44432089846702744,5.0375272805094395,1.4411031475557428,addiction_death_rate (high)
UKR,Ukraine,European Region,UMI,Both,2023,9805947.446969328,147.60504605352696,1071.729283984117,10.910289343524036,19.58879747928164,1.1863827415020551,All ages,1,1.0,42,2,Cluster C,0.05646381443809145,True,1.969371659633931,1.7052883385721287,1.4551841871722315,1.7047451779233371,
SGP,Singapore,Western Pacific Region,HI,Both,2023,36993507.14045403,44.11396884732144,300.6369389100461,0.2742483988565812,8.357019324986021,-0.6012837549064632,All ages,1,1.0,42,1,Cluster A,0.026477509037937108,True,-2.1526904993537332,-2.0792443697571255,-0.7859802751750097,-0.29204143875203636,suicide_rate (low); depression_dalys_rate (low)
COG,Congo,African Region,LMI,Both,2023,9491105.466986978,167.1408785026304,1269.0496187638732,2.6184293401441385,13.691192697388727,0.9062074729808364,All ages,1,1.0,42,2,Cluster C,0.01748027453764356,True,2.747486235853106,2.673739479039269,-0.29202815085948597,0.6562684240960193,suicide_rate (high); depression_dalys_rate (high)
JOR,Jordan,Eastern Mediterranean Region,LMI,Both,2023,40985211.79278348,114.42553099653811,1229.7383825205868,0.1875734763789871,1.0985852595408407,0.0541928936260093,All ages,1,1.0,42,2,Cluster C,0.004824646278276945,True,0.647827550111663,2.4807993463586824,-0.8042439088939902,-1.5824465554484046,depression_dalys_rate (high)
SUR,Suriname,Region of the Americas,UMI,Both,2023,61461271.526247114,106.30823962088846,675.688437376004,2.769271381572778,29.17861337864588,0.6361116420315568,All ages,1,1.0,42,2,Cluster C,0.004466061249722153,True,0.32451484996096785,-0.2384860321601285,-0.2602435963963641,3.409623584634719,selfharm_death_rate (high)
RUS,Russian Federation,European Region,HI,Both,2023,17963585.394118812,111.2733563393568,748.9733321211222,16.47406923948243,22.687091158774557,1.156960618505308,All ages,1,1.0,42,0,Cluster B,0.0005262838944476433,True,0.5222760511452582,0.1211973221892451,2.627551409526305,2.2555601307075728,addiction_death_rate (high); selfharm_death_rate (high)
LBN,Lebanon,Eastern Mediterranean Region,LMI,Both,2023,22586737.99173673,140.46656741938605,1160.408851455241,0.628978184644655,1.410849441209044,0.2770504742365712,All ages,1,1.0,42,2,Cluster C,-0.00473655505002879,False,1.685045189711268,2.1405289758303296,-0.7112336853696299,-1.5269321987493556,depression_dalys_rate (high)
LSO,Lesotho,African Region,LMI,Both,2023,32112748.45215515,127.7716129955232,706.2362662684229,2.0841738198673907,27.61222076770445,0.6917021218246585,All ages,1,1.0,42,2,Cluster C,-0.006299827938485936,False,1.1794036150621605,-0.08855683321223931,-0.40460335549494725,3.131150153356091,selfharm_death_rate (high)
BLR,Belarus,European Region,UMI,Both,2023,24399239.47581713,90.60664463901922,636.4384814509219,21.942529097507062,16.791380709527882,1.067818067083886,All ages,1,1.0,42,0,Cluster B,-0.009483283225594219,False,-0.3008815828305623,-0.43112540012673145,3.779833349896405,1.2074201515230212,addiction_death_rate (high)
CAF,Central African Republic,African Region,LI,Both,2023,7154968.409789296,157.6227757425552,1131.1598763797565,1.9229219502138584,17.322340466693593,0.8345802376133701,All ages,1,1.0,42,2,Cluster C,-0.01603441073462264,False,2.36837904833695,1.996974570751072,-0.43858140819657165,1.3018142289822716,suicide_rate (high)
MMR,Myanmar,South-East Asia Region,LMI,Both,2023,20226473.060563628,79.21847608377423,618.8308582134156,19.755376011338026,6.579197778943754,0.622668856270907,All ages,1,1.0,42,0,Cluster B,-0.016476076737200973,False,-0.7544737178144835,-0.5175438770886314,3.3189692185964295,-0.6081027267518035,addiction_death_rate (high)
NLD,Netherlands (Kingdom of the),European Region,HI,Both,2023,100254458.89519285,149.78499073547496,1167.600485339672,3.385140663575525,10.50525238868515,0.7005357980136115,All ages,1,1.0,42,2,Cluster C,-0.020226400481248463,False,2.0561991207515686,2.175825621991879,-0.13047121629210315,0.08987164501497186,suicide_rate (high); depression_dalys_rate (high)
HRV,Croatia,European Region,HI,Both,2023,8960968.802291073,61.151445773349145,404.9523192653038,7.311054807150292,13.73203646299002,0.0188436727210764,All ages,1,1.0,42,1,Cluster A,-0.024308316619763626,False,-1.4740857266787688,-1.5672629301043213,0.696774495395148,0.6635296327316347,
GUY,Guyana,Region of the Americas,HI,Both,2023,135595108.2174028,111.99168722050872,692.1304709267499,3.3138673887720644,26.994739793848403,0.6414450956065129,All ages,1,1.0,42,2,Cluster C,-0.030627360626319877,False,0.5508872572778298,-0.15778828673215703,-0.14548950471686806,3.0213743255477508,selfharm_death_rate (high)
KOR,Republic of Korea,Western Pacific Region,HI,Both,2023,70197251.64536943,82.72764732993325,490.5710892383103,1.439543501158887,22.77230521596978,0.1618145971848938,All ages,1,1.0,42,1,Cluster A,-0.031027953423310106,False,-0.614703001404042,-1.1470447325308053,-0.5404360933677181,2.2707094941140213,selfharm_death_rate (high)
COD,Democratic Republic of the Congo,African Region,LI,Both,2023,16537860.613524863,161.05117708219987,1189.8655744811165,2.8560542557799664,14.832713130438066,0.8653537345214725,All ages,1,1.0,42,2,Cluster C,-0.0330700207565624,False,2.5049326895732253,2.2851030109427035,-0.2419572157190676,0.859208038114539,suicide_rate (high); depression_dalys_rate (high)
AGO,Angola,African Region,LMI,Both,2023,38668144.11644002,159.29147367709132,1183.3690619433603,2.9293998732269344,14.078262893228576,0.8350981447572199,All ages,1,1.0,42,2,Cluster C,-0.034430125269449996,False,2.434843489488981,2.2532180306984144,-0.22650225534930005,0.7250818012967905,suicide_rate (high); depression_dalys_rate (high)
SOM,Somalia,Eastern Mediterranean Region,LI,Both,2023,8866336.898483172,161.86938158739736,871.2279407366408,1.7990085331574532,12.433814890402347,0.4412914204383721,All ages,1,1.0,42,2,Cluster C,-0.035397186264775615,False,2.5375218742665853,0.7212247611919976,-0.4646917201218057,0.4327316748294033,suicide_rate (high)
SWZ,Eswatini,African Region,LMI,Both,2023,47733706.32072912,138.45259822057588,851.4175909037262,1.7376019675345358,21.17968422899399,0.6508139177592586,All ages,1,1.0,42,2,Cluster C,-0.036617396689213266,False,1.6048285522204724,0.6239952693094032,-0.4776309531827573,1.9875731795836873,
CMR,Cameroon,African Region,LMI,Both,2023,17598972.254973102,102.67496612745065,317.59625761364117,1.9380995389910345,13.220632342672443,0.0574758042748576,All ages,1,1.0,42,1,Cluster A,-0.03802810637732956,False,0.17980112598733336,-1.9960077810985126,-0.4353832752852292,0.5726121583001945,
CYP,Cyprus,European Region,HI,Both,2023,24412679.539166875,39.84170141733793,573.3882139697524,2.002307677373565,5.374503206306231,-0.2952172189791038,All ages,1,1.0,42,1,Cluster A,-0.03806317810342874,False,-2.3228554293323973,-0.7405770515089961,-0.42185371116592707,-0.822273445473137,suicide_rate (low)
ETH,Ethiopia,African Region,LI,Both,2023,5514510.805010127,71.73097756666591,1062.1041095117928,4.2807250012151945,12.44578979729318,0.3874311318781964,All ages,1,1.0,42,2,Cluster C,-0.03851354302946819,False,-1.0527016920131886,1.6580478389788045,0.058241087561816944,0.43486057494540176,
GAB,Gabon,African Region,UMI,Both,2023,43451749.8850584,148.3084121409973,1130.9815525832205,2.538566408474799,16.8743230222157,0.8029462065125684,All ages,1,1.0,42,2,Cluster C,-0.040912033016964444,False,1.9973868162188777,1.9960993549030932,-0.3088564016388257,1.222165643969184,
SLV,El Salvador,Region of the Americas,UMI,Both,2023,72093159.97252941,85.49607450416684,628.1281855093156,18.77023801448008,9.935077087001824,0.7066282836956377,All ages,1,1.0,42,0,Cluster B,-0.04541144458508439,False,-0.5044362112334863,-0.47191245631762635,3.1113866904215146,-0.011494175776696853,addiction_death_rate (high)
ROU,Romania,European Region,HI,Both,2023,83668784.9473215,52.99492410045344,370.5329755230831,3.0549653431729498,8.281155432614481,-0.3861342728763964,All ages,1,1.0,42,1,Cluster A,-0.04560170414627995,False,-1.7989609743275596,-1.7361935815675376,-0.20004383248265709,-0.3055285289434017,
PNG,Papua New Guinea,Western Pacific Region,LMI,Both,2023,24726890.426982205,80.29659871395185,278.5196207233437,1.2729945793229782,3.060570800780565,-0.3716713857557538,All ages,1,1.0,42,1,Cluster A,-0.04587982620599185,False,-0.7115319626740999,-2.187796496662315,-0.5755303099848542,-1.2336445744050244,depression_dalys_rate (low)
EST,Estonia,European Region,HI,Both,2023,17616607.86218376,80.85249511356855,558.438609582066,15.259713450751022,13.201178706994328,0.5662715137307196,All ages,1,1.0,42,0,Cluster B,-0.046333362420440394,False,-0.6893905416450019,-0.8139499323879357,2.371669446255471,0.5691536890503472,addiction_death_rate (high)
CAN,Canada,Region of the Americas,HI,Both,2023,30521136.082563,91.01128045751672,661.0397077820868,18.847741493374652,12.257422402762376,0.8224654538636865,All ages,1,1.0,42,0,Cluster B,-0.04768531431901424,False,-0.2847648890959307,-0.31038221507233854,3.127717771084934,0.4013726011579861,addiction_death_rate (high)
GTM,Guatemala,Region of the Americas,UMI,Both,2023,49125638.93960123,111.71867227485184,875.0114651433439,15.54852321593639,6.034590685487297,0.7487383802347065,All ages,1,1.0,42,0,Cluster B,-0.0493736433688472,False,0.5400130388745564,0.7397943553027452,2.4325257541128433,-0.7049230289890254,addiction_death_rate (high)
GEO,Georgia,European Region,UMI,Both,2023,20744491.864007056,103.0451031701716,807.57004913511,14.27978880137153,2.790701226824773,0.5478274589914468,All ages,1,1.0,42,0,Cluster B,-0.04947960110459537,False,0.19454372929795158,0.4087908815817299,2.165185444229465,-1.2816220136065564,addiction_death_rate (high)
IDN,Indonesia,South-East Asia Region,UMI,Both,2023,72525925.92219609,55.44320829650215,451.89442019755273,0.3328088737032962,1.945863536355836,-0.6159085527025246,All ages,1,1.0,42,1,Cluster A,-0.050460843704825065,False,-1.7014455178126786,-1.3368703999350278,-0.7736407537490002,-1.431817340688059,
POL,Poland,European Region,HI,Both,2023,45728394.63398006,71.5721188996532,484.1510123374813,11.400699219367455,12.814723802024483,0.2846711558630265,All ages,1,1.0,42,0,Cluster B,-0.05190777391959922,False,-1.0590290519904701,-1.1785545655312126,1.5585204935518566,0.5004496983205077,
ATG,Antigua and Barbuda,Region of the Americas,HI,Both,2023,36226928.84528243,99.47975275844972,809.1959911920658,8.524309427103173,1.1308648431478832,0.1831516962708079,All ages,1,1.0,42,1,Cluster A,-0.05662742847432889,False,0.05253538990839294,0.4167710294015167,0.9524244268087978,-1.5767078879237308,
LTU,Lithuania,European Region,HI,Both,2023,30869468.652602237,108.53406262226387,739.8340271810199,10.348517096849417,22.313995129414455,0.8483130996182057,All ages,1,1.0,42,0,Cluster B,-0.05712263949552382,False,0.41316965010661566,0.07634147749286208,1.3368108185729544,2.1892310821876775,selfharm_death_rate (high)
NOR,Norway,European Region,HI,Both,2023,19228224.21563568,79.06184698547611,339.4514788011258,6.342453844411231,9.84392409192838,0.0520122446501707,All ages,1,1.0,42,1,Cluster A,-0.057201305263236024,False,-0.760712273799408,-1.8887420301671363,0.4926765545185223,-0.027699364138872307,
SVN,Slovenia,European Region,HI,Both,2023,28938584.93083846,77.18043734050133,508.3255293443464,10.08822299017041,15.887321645046024,0.3523550435745682,All ages,1,1.0,42,0,Cluster B,-0.062307972672633216,False,-0.8356490481809576,-1.0599056761926025,1.281963163822256,1.0466964427885297,
LUX,Luxembourg,European Region,HI,Both,2023,43734113.719886035,63.220814795815315,866.6560740037862,5.662620751025469,7.88949575453613,0.1824982067707936,All ages,1,1.0,42,1,Cluster A,-0.06382964902234034,False,-1.3916625074915439,0.6987859712090048,0.3494260934540929,-0.37515782474454223,
TUN,Tunisia,Eastern Mediterranean Region,LMI,Both,2023,13563015.560197078,129.9542270050757,1065.3420408506868,2.213464532441065,2.3202285326826866,0.2583404331349034,All ages,1,1.0,42,2,Cluster C,-0.06610127885443268,False,1.266337395822085,1.6739396541908873,-0.3773599712470756,-1.365262695096943,
FSM,Micronesia (Federated States of),Western Pacific Region,LMI,Both,2023,22515982.988044843,51.913226671328,641.5019864672316,2.3815940337506967,14.401419708789025,0.0397884837243028,All ages,1,1.0,42,1,Cluster A,-0.07103608483529084,False,-1.8420451141436718,-0.4062736421298698,-0.3419327041495164,0.7825326515125017,
BGD,Bangladesh,South-East Asia Region,LMI,Both,2023,30146794.37769749,126.58139589810185,487.02536324508463,3.027807027114392,4.8962696750167805,0.0476765531763298,All ages,1,1.0,42,1,Cluster A,-0.07323915726694036,False,1.1319971236939703,-1.1644472084882689,-0.20576647431191308,-0.9072938493491663,
LVA,Latvia,European Region,HI,Both,2023,35186606.84545459,88.03448541454867,606.306359084618,12.610648483244042,17.364225122901008,0.6277155964118422,All ages,1,1.0,42,0,Cluster B,-0.07384214147097112,False,-0.40333099675400125,-0.5790143052561199,1.8134739396273871,1.3092604872514513,
AUT,Austria,European Region,HI,Both,2023,35926452.97575123,67.20524122131027,462.94486045966585,6.001057137948476,13.534693039325749,0.0224740308278357,All ages,1,1.0,42,1,Cluster A,-0.0760919798562954,False,-1.232962319637876,-1.2826346746284973,0.4207394333597018,0.6284458996086644,
GNQ,Equatorial Guinea,African Region,UMI,Both,2023,26322521.140654434,133.26712407537497,1000.8283179416112,4.308346092338173,15.430343619209818,0.6731147348104324,All ages,1,1.0,42,2,Cluster C,-0.07954828933019942,False,1.3982904879992226,1.357305341783035,0.06406124265130166,0.9654548447468622,
MLT,Malta,European Region,HI,Both,2023,26884494.609752484,55.49822230335476,424.8414549857331,1.7016486288573935,3.661946590457025,-0.5063538498440022,All ages,1,1.0,42,1,Cluster A,-0.08034490991096599,False,-1.6992543032463292,-1.469646755912975,-0.48520683083922167,-1.12673192781226,
URY,Uruguay,Region of the Americas,HI,Both,2023,34077032.04737694,114.99304773623382,737.675864486832,2.4536614405203943,23.6546128928876,0.5568904051899074,All ages,1,1.0,42,2,Cluster C,-0.08109543014992543,False,0.6704318106956996,0.06574918286274797,-0.32674708087239396,2.4275662390440877,selfharm_death_rate (high)
GRC,Greece,European Region,HI,Both,2023,45086056.151949085,130.44736931535772,1053.1581315235603,3.13526411906908,4.180437141940768,0.3451700681694292,All ages,1,1.0,42,2,Cluster C,-0.08115772960542994,False,1.2859793138606712,1.61414084584012,-0.18312374315199123,-1.0345546269563477,
MDV,Maldives,South-East Asia Region,UMI,Both,2023,57884991.352415174,60.8888353942239,480.25542008010666,0.4490015040535491,2.0599714723489115,-0.5482099901307967,All ages,1,1.0,42,1,Cluster A,-0.0837898736627341,False,-1.4845455299349735,-1.1976741903213308,-0.749157320930119,-1.4115312206884147,
JPN,Japan,Western Pacific Region,HI,Both,2023,28503798.92410206,79.8047042955249,534.1459680250558,0.5314156782910796,17.898760181333827,0.0021674857158634,All ages,1,1.0,42,1,Cluster A,-0.08405268912667441,False,-0.7311241770287246,-0.9331785787770941,-0.7317914872091186,1.404290182118976,
ITA,Italy,European Region,HI,Both,2023,104571801.8357416,55.109479825645174,417.51268077375954,1.1153320241388134,5.716095197260181,-0.5024095692000005,All ages,1,1.0,42,1,Cluster A,-0.08524414198666574,False,-1.7147379632894553,-1.505616488843613,-0.608752043293315,-0.7615451879763953,
TON,Tonga,Western Pacific Region,UMI,Both,2023,17807015.506182082,99.35329661356803,365.4028039423207,1.0292194800339924,4.143798658028295,-0.2338465518458209,All ages,1,1.0,42,1,Cluster A,-0.0875874416981392,False,0.04749862631814011,-1.761372540055151,-0.6268971759243429,-1.0410682202028207,
FIN,Finland,European Region,HI,Both,2023,44435451.143795475,79.88941460368744,534.0020929723386,10.928635334705785,14.871923511894217,0.3936241568563432,All ages,1,1.0,42,0,Cluster B,-0.08788103019705212,False,-0.7277501551789253,-0.9338847196775965,1.4590499473434242,0.8661788635573862,
EGY,Egypt,Eastern Mediterranean Region,LMI,Both,2023,26482029.77084174,107.40975639297824,889.6070990184576,0.196461076381215,0.9340979793398668,-0.1000512256699741,All ages,1,1.0,42,1,Cluster A,-0.08804848139507787,False,0.368388396611512,0.811429943636669,-0.8023711657009004,-1.6116891201791743,
THA,Thailand,South-East Asia Region,UMI,Both,2023,59269355.52954812,62.90332633465481,387.0253122822099,2.2819209188833876,10.900234443339787,-0.2892927025535348,All ages,1,1.0,42,1,Cluster A,-0.09058677584850883,False,-1.4043081114121347,-1.6552489472440046,-0.3629352410948132,0.1600915932481625,
HTI,Haiti,Region of the Americas,LMI,Both,2023,13377832.35138551,127.98217294560682,978.2134383696174,5.45846221759438,6.395806078988686,0.4494468487756822,All ages,1,1.0,42,2,Cluster C,-0.09093632834983956,False,1.1877902434157204,1.2463111761919912,0.3064069990193268,-0.6407061210718359,
MUS,Mauritius,African Region,UMI,Both,2023,14851780.80211832,127.02414712353487,958.9852312157428,7.942839919108651,10.455025314197467,0.6548706102794304,All ages,1,1.0,42,2,Cluster C,-0.09174803828794481,False,1.1496319587103891,1.151938849244071,0.8299005662825535,0.08094227080957005,
DNK,Denmark,European Region,HI,Both,2023,46432135.496704504,92.11483525233432,865.8893533543269,11.34267057786501,11.020361192509856,0.5506833135541122,All ages,1,1.0,42,0,Cluster B,-0.09274214049245855,False,-0.2408101677529176,0.695022894847831,1.5462930369436934,0.18144773844194695,
BRN,Brunei Darussalam,Western Pacific Region,HI,Both,2023,47524076.95796519,56.55849133252238,448.4983240581386,0.8282179492081755,3.6875782531167194,-0.5427943965325104,All ages,1,1.0,42,1,Cluster A,-0.09422879376783211,False,-1.6570236591998841,-1.3535384903425505,-0.6692510451984235,-1.1221751283225516,
YEM,Yemen,Eastern Mediterranean Region,LI,Both,2023,5911205.631110419,128.79895414061534,1026.8573169280714,1.0882353318492226,4.190825825827052,0.2268165849575723,All ages,1,1.0,42,2,Cluster C,-0.09824223531802634,False,1.2203227374916006,1.485056056283858,-0.6144617001216892,-1.0327077257209392,
OMN,Oman,Eastern Mediterranean Region,HI,Both,2023,81035227.36364594,87.9754097207925,728.0827111575327,0.3226690720922495,1.1265281345545133,-0.2931654738652675,All ages,1,1.0,42,1,Cluster A,-0.10272726656109404,False,-0.4056839888024177,0.018665843516066524,-0.7757773535556531,-1.5774788684007937,
ISL,Iceland,European Region,HI,Both,2023,20904543.885344956,123.37107729033627,915.9102105788138,8.482436793844983,11.709428944152735,0.6667149383992031,All ages,1,1.0,42,2,Cluster C,-0.10325119967967511,False,1.0041297441227106,0.9405260067306934,0.9436012699507748,0.3039502705932668,
FJI,Fiji,Western Pacific Region,UMI,Both,2023,50016558.14652033,73.65994880635505,536.9756537816429,0.2080423765901338,8.780253821955407,-0.2886207451508643,All ages,1,1.0,42,1,Cluster A,-0.10614786292351269,False,-0.9758705335447625,-0.9192904389602367,-0.7999308217241298,-0.21679876856623062,
CHE,Switzerland,European Region,HI,Both,2023,20414913.67478398,129.2712685780622,982.9217268906548,4.6282798593394805,11.015506270202794,0.5462634981621718,All ages,1,1.0,42,2,Cluster C,-0.10856279855901252,False,1.2391350788286617,1.2694195263422,0.13147581849192064,0.18058462988027776,
CHL,Chile,Region of the Americas,HI,Both,2023,11106016.028147545,130.73021400095374,1015.3561459293658,2.0587839685856832,11.157076566174297,0.4617402570375331,All ages,1,1.0,42,2,Cluster C,-0.1144787577947079,False,1.2972450519981054,1.4286081378124222,-0.40995335674944344,0.20575301091766096,
KAZ,Kazakhstan,European Region,UMI,Both,2023,26516809.286486503,87.01044143073592,569.4240725142064,6.769959333207413,18.14124114035025,0.3521702791985839,All ages,1,1.0,42,1,Cluster A,-0.11480927490754084,False,-0.4441187928497248,-0.7600331167841828,0.5827580156498612,1.4473984706830112,
QAT,Qatar,Eastern Mediterranean Region,HI,Both,2023,35846300.49460014,84.08387448470478,667.8392632426178,0.1589618153310821,2.2827379851213405,-0.3283617698249441,All ages,1,1.0,42,1,Cluster A,-0.11690957772536625,False,-0.5606843093139376,-0.2770098956518852,-0.8102727910958246,-1.371927768302088,
BEL,Belgium,European Region,HI,Both,2023,64533080.99001971,128.49481340929995,695.4918192211148,4.498675979699596,15.337106926285037,0.3758580431909268,All ages,1,1.0,42,2,Cluster C,-0.11721132701610631,False,1.2082087752698718,-0.1412907392654022,0.10416644550789998,0.9488792163772729,
MNE,Montenegro,European Region,UMI,Both,2023,37978125.60579107,68.62967789706549,482.123883125549,1.4951490987857892,13.580820980238418,-0.1615267865300007,All ages,1,1.0,42,1,Cluster A,-0.11811195720919426,False,-1.1762268340529152,-1.1885037458798136,-0.5287192064210322,0.6366465294469579,
AFG,Afghanistan,Eastern Mediterranean Region,LI,Both,2023,10981395.791110642,117.05708491986022,931.7053351551208,0.7299672970964951,2.578073668656858,0.0451925720454616,All ages,1,1.0,42,2,Cluster C,-0.11885682962184152,False,0.7526426620951638,1.0180487132820428,-0.6899538490951628,-1.319422961653565,
TCD,Chad,African Region,LI,Both,2023,9821865.071930325,126.33976992175371,947.4765792921768,1.8983107905247332,13.89156171076926,0.461871445104804,All ages,1,1.0,42,2,Cluster C,-0.11980949676941915,False,1.1223731317458667,1.0954542142820571,-0.4437673281041172,0.6918900468540933,
SDN,Sudan,Eastern Mediterranean Region,LI,Both,2023,18285671.620451774,124.9982785567374,1012.0964266096968,1.924917102768579,4.451756012603693,0.242983996137587,All ages,1,1.0,42,2,Cluster C,-0.12007346690044551,False,1.0689413679492206,1.4126093868663536,-0.43816100129649826,-0.986319531644747,
TUR,TÃ¼rkiye,European Region,UMI,Both,2023,34420112.14468022,123.90410377554812,1003.0377378967232,1.0034940737958582,4.597973338610877,0.1769355479136455,All ages,1,1.0,42,2,Cluster C,-0.12031585449364751,False,1.0253602536868551,1.3681492078127953,-0.6323178833605303,-0.9603250011539946,
SRB,Serbia,European Region,UMI,Both,2023,43543003.81856567,69.71601382992792,492.9309781982666,3.78502231889416,12.98933207581134,-0.0607905645610626,All ages,1,1.0,42,1,Cluster A,-0.12262939039971571,False,-1.1329579420702907,-1.135462362385344,-0.04621048810319581,0.5314915742789499,
LBY,Libya,Eastern Mediterranean Region,UMI,Both,2023,104365207.96576732,126.1265509949514,987.9154596526556,2.4007304994106065,4.650038259796085,0.2400953598721899,All ages,1,1.0,42,2,Cluster C,-0.12375572119222206,False,1.1138805960270572,1.2939288410762635,-0.3379003798105037,-0.9510688943833028,
SSD,South Sudan,African Region,LI,Both,2023,3611501.1252003415,119.84523515984468,850.9801578597313,5.714556301865077,16.80810886344267,0.5200891999903506,All ages,1,1.0,42,2,Cluster C,-0.12482373588168316,False,0.8636950243670601,0.6218483414177202,0.3603696495648387,1.2103940843589327,
COL,Colombia,Region of the Americas,UMI,Both,2023,22728622.296280123,67.29689675581754,511.7710683472316,0.605139577050271,7.489457734772781,-0.3542633751070866,All ages,1,1.0,42,1,Cluster A,-0.12524612035000843,False,-1.2293116685802838,-1.0429949194751427,-0.716256817609372,-0.4462766229483043,
MKD,North Macedonia,European Region,UMI,Both,2023,33940553.21483998,62.04779498899574,467.164719521997,1.7019325918643449,7.552769436758478,-0.3584086907196394,All ages,1,1.0,42,1,Cluster A,-0.12664666761256255,False,-1.438384028688968,-1.2619235435325225,-0.48514699581196746,-0.4350210623890326,
VNM,Viet Nam,Western Pacific Region,LMI,Both,2023,17299351.062881283,66.76581709438814,482.2615827305336,2.721392076257965,10.186740488906304,-0.2069449808728051,All ages,1,1.0,42,1,Cluster A,-0.12819838687737806,False,-1.2504646359170164,-1.1878279141687127,-0.2703324441275522,0.03324656838033338,
KGZ,Kyrgyzstan,European Region,LMI,Both,2023,10677965.640279949,114.17308165217312,647.0575724335298,5.87392053343231,6.171070666163038,0.1414108684593679,All ages,1,1.0,42,1,Cluster A,-0.12828205547044802,False,0.637772462102532,-0.3790067435052042,0.3939499501875838,-0.6806596047018205,
SVK,Slovakia,European Region,HI,Both,2023,27517735.38710131,70.0727647449177,500.905143482282,4.237169002018863,11.163516128244526,-0.0826009681959327,All ages,1,1.0,42,1,Cluster A,-0.12869964544825968,False,-1.1187485098509933,-1.0963250404656444,0.04906322165958154,0.20689783689111252,
ERI,Eritrea,African Region,LI,Both,2023,9019994.606740857,110.20997940241404,733.3126782039039,4.569537021111632,19.39582028063905,0.5107664457850162,All ages,1,1.0,42,2,Cluster C,-0.129825768469023,False,0.4799216187551282,0.04433459963447262,0.1190978705187443,1.670437672710936,
SYC,Seychelles,African Region,HI,Both,2023,93134708.64867756,61.101577323048424,472.6276686072238,1.3327140085818536,6.710944478892525,-0.3992352812794459,All ages,1,1.0,42,1,Cluster A,-0.13111722261652214,False,-1.4760719931034807,-1.2351113080991745,-0.5629465804502519,-0.5846807855742847,
LAO,Lao People's Democratic Republic,Western Pacific Region,LMI,Both,2023,33647883.983380005,62.00014023887012,466.29394961490976,1.4339972837413049,5.151524824437458,-0.4363578626290936,All ages,1,1.0,42,1,Cluster A,-0.13184113412447818,False,-1.4402821231671756,-1.2661972951990415,-0.541604759927146,-0.8619145639680934,
JAM,Jamaica,Region of the Americas,UMI,Both,2023,57440766.82672557,95.84120341318209,781.6497634797886,0.660837293607141,1.7888528006502826,-0.1849620181774187,All ages,1,1.0,42,1,Cluster A,-0.13333700941468035,False,-0.09238847188360441,0.28157373372847444,-0.7045205198994866,-1.4597307246086002,
ALB,Albania,European Region,UMI,Both,2023,10386559.303801889,61.65293519166168,491.19097320468137,1.5948941700419077,4.584462559006863,-0.4299366538618487,All ages,1,1.0,42,1,Cluster A,-0.13485750654220746,False,-1.454111342314791,-1.1440023327960824,-0.5077015072455148,-0.9627269488708684,
TLS,Timor-Leste,South-East Asia Region,LMI,Both,2023,8757458.178369446,63.845169514941,489.0206647377138,0.8744567256438729,4.8000030582658875,-0.4134337569862241,All ages,1,1.0,42,1,Cluster A,-0.1354331531283411,False,-1.3667943832921465,-1.1546542390598047,-0.6595078801364217,-0.9244081378723317,
STP,Sao Tome and Principe,African Region,LMI,Both,2023,55450754.93373509,78.17982214876226,638.1282113331761,1.6812500095218743,2.1514378149936015,-0.3120515115261061,All ages,1,1.0,42,1,Cluster A,-0.13658584716603855,False,-0.7958434300387156,-0.4228321807108159,-0.48950510883321857,-1.3952703253644352,
BHS,Bahamas,Region of the Americas,HI,Both,2023,50396863.94098,93.26894723522206,750.074423683522,4.667320871319607,2.7187069570975857,-0.0810185764014024,All ages,1,1.0,42,1,Cluster A,-0.13741473147372119,False,-0.19484174747628996,0.1266014959686737,0.1397023126431866,-1.2944211619064703,
KHM,Cambodia,Western Pacific Region,LMI,Both,2023,59219625.55622919,70.2220122292099,528.2072728189914,0.9435780395720772,4.665053571253007,-0.3737689792396888,All ages,1,1.0,42,1,Cluster A,-0.1379527923370215,False,-1.1128039644473433,-0.9623257832536083,-0.6449430403456999,-0.948399470846752,
SAU,Saudi Arabia,Eastern Mediterranean Region,HI,Both,2023,35743025.79593286,96.15365184349658,786.5820558713687,0.1710912425189106,3.1322883386987947,-0.166102244092267,All ages,1,1.0,42,1,Cluster A,-0.13795422382826733,False,-0.07994361300298561,0.30578149820989353,-0.8077169490016273,-1.2208946235131206,
ISR,Israel,European Region,HI,Both,2023,16485943.861484213,117.9402948407508,942.165346777242,2.190276740572042,6.256628218568934,0.2224300517629842,All ages,1,1.0,42,2,Cluster C,-0.1385524193468038,False,0.7878210203809857,1.0693866060341999,-0.38224596739616096,-0.6654491746832881,
TTO,Trinidad and Tobago,Region of the Americas,HI,Both,2023,82472894.78322601,105.11243778361542,767.3651240387873,2.192389384293207,19.1246654317559,0.2752673577260886,All ages,1,1.0,42,2,Cluster C,-0.13899402134215444,False,0.27688591772703464,0.2114645107067278,-0.38180080344332284,1.622231737207355,
BIH,Bosnia and Herzegovina,European Region,UMI,Both,2023,32623399.568846937,72.99310791831607,548.1880429050954,3.2106081047058153,9.90306635218376,-0.1227625865099911,All ages,1,1.0,42,1,Cluster A,-0.1402061318670499,False,-1.0024308870057115,-0.8642598662314348,-0.16724769830230388,-0.01718504733742194,
BGR,Bulgaria,European Region,HI,Both,2023,109472369.96093522,67.98404349267217,506.9916490987466,2.2613855549303428,8.667530916472618,-0.2466656791471658,All ages,1,1.0,42,1,Cluster A,-0.1402671927548716,False,-1.20194253069783,-1.066452380294537,-0.367262333116399,-0.23683865770655455,
GRD,Grenada,Region of the Americas,UMI,Both,2023,14223229.130374392,96.43090609952914,780.8646022713353,5.6930573021132735,4.05952514159559,0.1078735930126273,All ages,1,1.0,42,1,Cluster A,-0.14199785061375753,False,-0.06890054235320424,0.27772015082924695,0.3558395058327472,-1.0560503741806964,
SLE,Sierra Leone,African Region,LI,Both,2023,8767093.267957894,124.26863297164071,694.6918414869838,2.583035803345312,12.838013157861267,0.2390106639947987,All ages,1,1.0,42,2,Cluster C,-0.14421204016174238,False,1.0398794957860122,-0.14521704189321952,-0.2994860703318701,0.504590082274592,
PAK,Pakistan,Eastern Mediterranean Region,LMI,Both,2023,20963039.815727662,118.85012911219457,927.6237030820412,0.9932453944231324,8.273807870622749,0.217701453086829,All ages,1,1.0,42,2,Cluster C,-0.14450770649371852,False,0.8240598297789768,0.9980160023070016,-0.6344774252535746,-0.3068347792315338,
NPL,Nepal,South-East Asia Region,LMI,Both,2023,116199014.5829983,82.63300461218476,586.4283045245425,1.2254682153444136,15.988894367836217,0.0305109116288232,All ages,1,1.0,42,1,Cluster A,-0.1450017909696013,False,-0.6184726323324887,-0.6765760929474925,-0.5855447879778843,1.0647540513613243,
DEU,Germany,European Region,HI,Both,2023,23741630.784465555,107.01581523753993,809.8894194252563,6.748461036354129,13.28613149773427,0.4782223896615819,All ages,1,1.0,42,2,Cluster C,-0.1450660805708492,False,0.3526976726038313,0.4201743854925908,0.5782280200284428,0.5842566044808718,
KWT,Kuwait,Eastern Mediterranean Region,HI,Both,2023,27159525.60136606,100.74392166695864,816.4779920808137,0.7704076297976414,2.2383110128260877,-0.1201950636014562,All ages,1,1.0,42,1,Cluster A,-0.1459801520013519,False,0.10288739088283928,0.4525111981654822,-0.6814324982497857,-1.379825999773535,
PHL,Philippines,Western Pacific Region,LMI,Both,2023,19145109.668978773,66.22443389664336,506.38702765929776,0.9548174378856474,5.343799871881671,-0.3983285703522953,All ages,1,1.0,42,1,Cluster A,-0.14678438564573892,False,-1.2720279943550485,-1.0694198713199232,-0.6425747399405414,-0.8277318872642814,
BOL,Bolivia,Region of the Americas,LMI,Both,2023,15503428.533281442,82.40317974236523,634.3923455693146,4.721125328911868,7.116690880518616,-0.0203935383702784,All ages,1,1.0,42,1,Cluster A,-0.14776301250732532,False,-0.6276265847760389,-0.4411678654930364,0.15103967387552583,-0.5125471506857331,
HUN,Hungary,European Region,HI,Both,2023,21491279.795298405,86.22080631588841,600.2980547742794,5.760139988156573,16.451166963719473,0.2765959868096511,All ages,1,1.0,42,1,Cluster A,-0.14781596734246544,False,-0.4755700552598685,-0.608503152252633,0.36997477785559674,1.146936918582793,
KIR,Kiribati,Western Pacific Region,LMI,Both,2023,21629698.379998192,116.00464640513336,788.2990155167273,5.3052183455406,14.094871782824878,0.466136760179334,All ages,1,1.0,42,2,Cluster C,-0.14826150241727254,False,0.7107239083887656,0.31420836170847627,0.274116344827025,0.7280345313105194,
BHR,Bahrain,Eastern Mediterranean Region,HI,Both,2023,21458959.670849785,106.5006572881898,846.6639267270892,0.3916835744367367,3.4379042736142993,-0.0560267486656699,All ages,1,1.0,42,1,Cluster A,-0.14826772454178488,False,0.3321788689905812,0.6006642147660363,-0.7612350204783634,-1.1665621927707435,
MAR,Morocco,Eastern Mediterranean Region,LMI,Both,2023,6584299.575757017,110.99491986160386,890.7273352464395,2.6745735628895706,3.8561267754481894,0.110697159176443,All ages,1,1.0,42,2,Cluster C,-0.1483976992848159,False,0.5111858924609465,0.8169280797197676,-0.2801977679719271,-1.0922105555693786,
MDA,Republic of Moldova,European Region,UMI,Both,2023,20344842.11194847,90.69448938433652,632.885089797122,7.265672074520979,12.92354175815684,0.2936502043800453,All ages,1,1.0,42,1,Cluster A,-0.1491961720908846,False,-0.2973827159686699,-0.448565499260407,0.6872117108870631,0.5197953651841252,
VCT,Saint Vincent and the Grenadines,Region of the Americas,UMI,Both,2023,16695677.06222994,89.64119452358231,736.7886824212278,6.062872615750875,4.989725246934426,0.0866090051757955,All ages,1,1.0,42,1,Cluster A,-0.1502334223135393,False,-0.33933557804121534,0.06139488007791148,0.4337648300081803,-0.8906793086508596,
PAN,Panama,Region of the Americas,HI,Both,2023,39421202.68059075,75.29875931727197,600.3873585364141,0.9534702067089914,6.464232867144598,-0.2677353504822611,All ages,1,1.0,42,1,Cluster A,-0.15138192837491515,False,-0.9105965121009424,-0.608064848058674,-0.6428586206299253,-0.6285411999939076,
CUB,Cuba,Region of the Americas,UMI,Both,2023,46700119.37807723,99.58666825487148,726.4576813681917,3.9710573718449713,18.20011450328134,0.3926668980363013,All ages,1,1.0,42,2,Cluster C,-0.15420147906070986,False,0.056793847100131446,0.010690173119313423,-0.007010267683465067,1.4578649828919008,
NIC,Nicaragua,Region of the Americas,LMI,Both,2023,6893443.706681645,79.93369081054533,614.2165160564996,5.501259969811911,9.519043954801353,0.0543746712150652,All ages,1,1.0,42,1,Cluster A,-0.15492235529033038,False,-0.7259866284889019,-0.5401911370852193,0.3154250915442868,-0.0854565866309144,
MWI,Malawi,African Region,LI,Both,2023,13561580.582791517,107.55310781827856,755.1461749405569,4.056258159304021,17.41007000375914,0.4343945462565963,All ages,1,1.0,42,2,Cluster C,-0.15537260779156253,False,0.37409810127030146,0.15149372663777036,0.010942744909341695,1.3174107946456184,
ARE,United Arab Emirates,Eastern Mediterranean Region,HI,Both,2023,32970504.74675812,96.09278960929342,777.0130682607179,1.0664769753422825,2.2141479664060415,-0.1567427402582597,All ages,1,1.0,42,1,Cluster A,-0.1555161973192311,False,-0.08236776317411973,0.258816764570077,-0.6190464939952861,-1.384121708524798,
NAM,Namibia,African Region,UMI,Both,2023,10245716.38825665,87.39765495910065,606.7278132186273,2.08579718793796,17.227007826268377,0.1406032114745396,All ages,1,1.0,42,1,Cluster A,-0.15552672105437315,False,-0.428696031044472,-0.5769458020925129,-0.4042612888511653,1.2848659828614566,
MDG,Madagascar,African Region,LI,Both,2023,5760086.9504215745,107.90191418774502,797.0706390965283,5.250143723638263,14.35753229199648,0.435206175673392,All ages,1,1.0,42,2,Cluster C,-0.15582526148002818,False,0.38799110127770065,0.35725962081508855,0.2625113419855671,0.7747303422709955,
ZMB,Zambia,African Region,LMI,Both,2023,37431033.43036625,101.27229764223767,722.3171776255408,4.328843832716244,17.386387767328724,0.3928168887792305,All ages,1,1.0,42,2,Cluster C,-0.15642652283107927,False,0.12393267007223502,-0.009631480886364605,0.0683804068527883,1.3132005643412463,
WSM,Samoa,Western Pacific Region,LMI,Both,2023,26695154.100048497,79.74556567106491,545.5257503696058,1.0533572803023974,8.600302872056012,-0.2287751237998695,All ages,1,1.0,42,1,Cluster A,-0.15832117055744732,False,-0.7334796756147078,-0.8773264376272812,-0.6218109995508017,-0.24879046600549207,
NZL,New Zealand,Western Pacific Region,HI,Both,2023,25994241.367714804,85.97647896265535,611.2006232426882,3.627560458255497,12.839523208794704,0.0877434098859805,All ages,1,1.0,42,1,Cluster A,-0.15877789369799622,False,-0.4853016433769861,-0.5549931839108665,-0.07938993222853799,0.504858539276944,
CPV,Cabo Verde,African Region,LMI,Both,2023,17766496.900138978,95.80830625156597,642.5168411398166,1.172557418405316,14.111500967926249,0.0808917580386972,All ages,1,1.0,42,1,Cluster A,-0.15946338328360593,False,-0.0936987698213263,-0.40129272028939983,-0.5966938422539333,0.7309908694611208,
SWE,Sweden,European Region,HI,Both,2023,52173905.58193421,109.3696626566662,804.7968196869889,6.442363380745051,11.83098518437498,0.4138898735786726,All ages,1,1.0,42,2,Cluster C,-0.16060399915631157,False,0.44645170083834823,0.39517983016724834,0.5137289088151848,0.3255605508458485,
MYS,Malaysia,Western Pacific Region,UMI,Both,2023,22941368.261505328,92.10041245575351,726.0640080822379,0.4472862585258048,3.45229593321728,-0.2049065083307918,All ages,1,1.0,42,1,Cluster A,-0.16073613719610402,False,-0.2413846294902715,0.008758018771516685,-0.7495187474553626,-1.1640036421216648,
CZE,Czechia,European Region,HI,Both,2023,16031328.146503258,83.41796960460013,597.8346626472502,3.9931545518670535,11.661242831446454,0.0507813034535899,All ages,1,1.0,42,1,Cluster A,-0.16100139560529153,False,-0.5872073814653211,-0.6205935174828667,-0.0023540788965641197,0.29538373877259383,
DZA,Algeria,African Region,UMI,Both,2023,12006629.642654158,106.66468355387866,874.0649507072146,2.419764009379351,3.774433136662195,0.0640096704942492,All ages,1,1.0,42,2,Cluster C,-0.16176485957072945,False,0.3387120550499835,0.7351488483601324,-0.3338897496937525,-1.106734058647384,
ZAF,South Africa,African Region,UMI,Both,2023,35638909.00811054,111.20453803602118,722.2742453541549,3.1402626781793685,16.957258086897564,0.3776617464785949,All ages,1,1.0,42,2,Cluster C,-0.16242521894545187,False,0.5195350097754765,-0.009842193113428894,-0.1820704759542435,1.2369098478641403,
VUT,Vanuatu,Western Pacific Region,LMI,Both,2023,43882481.08727323,90.785268916146,596.4063955343117,1.108328849267303,11.638801527461332,-0.0444955415548768,All ages,1,1.0,42,1,Cluster A,-0.1624474028054535,False,-0.2937669562047932,-0.6276034737347697,-0.6102277114227708,0.2913941215594816,
FRA,France,European Region,HI,Both,2023,19281473.553039573,101.15877810897447,729.4918764971462,5.435690828581494,14.795273966223483,0.3771758585620242,All ages,1,1.0,42,2,Cluster C,-0.1630498890173177,False,0.11941117329200705,0.025582047980136313,0.3016087448494281,0.8525520998457977,
TGO,Togo,African Region,LI,Both,2023,16353920.775036938,120.459470815041,869.0680439882478,1.599812925429683,10.402896739317717,0.2729578935291324,All ages,1,1.0,42,2,Cluster C,-0.16339997192020028,False,0.88816010502267,0.7106239557980316,-0.5066650558223386,0.07167484767884905,
HND,Honduras,Region of the Americas,LMI,Both,2023,26511054.55399105,88.54811947661456,708.6775788594359,4.697810461032742,4.641877784927465,-0.0073874674654484,All ages,1,1.0,42,1,Cluster A,-0.16525429676204956,False,-0.3828728897561356,-0.0765748346734557,0.14612690101136946,-0.9525196644020415,
ZWE,Zimbabwe,African Region,LMI,Both,2023,24017292.384795275,116.77368365852652,738.0425815423976,1.1012182447130965,8.482702895832285,0.0942840839173902,All ages,1,1.0,42,2,Cluster C,-0.16571006976900293,False,0.7413547554785831,0.06754903563052093,-0.6117260165078675,-0.2696974012582217,
BEN,Benin,African Region,LMI,Both,2023,16947744.480802897,94.90605123791524,679.1521440594619,1.507116283781458,3.185627369394423,-0.1539762518774753,All ages,1,1.0,42,1,Cluster A,-0.16598546219088783,False,-0.12963569646202772,-0.22148610819596862,-0.5261975510545139,-1.2114120054292927,
IRL,Ireland,European Region,HI,Both,2023,11007574.216622852,92.87053797521142,698.8104111190418,6.076653030326432,8.013179837635162,0.1607302671208209,All ages,1,1.0,42,1,Cluster A,-0.16625460227058375,False,-0.21071043663108457,-0.12500304082884925,0.43666855852745,-0.3531692563776129,
VEN,Venezuela (Bolivarian Republic of),Region of the Americas,UMI,Both,2023,50808037.1070627,98.7266560050513,745.4005564654396,0.5743120767178052,7.9417575533973475,-0.0313806384097961,All ages,1,1.0,42,1,Cluster A,-0.16664058027853706,False,0.022539454867009808,0.10366208608577386,-0.7227526085307823,-0.3658667170413912,
NGA,Nigeria,African Region,LMI,Both,2023,13256990.595854064,114.44144568704866,868.9001440600239,1.851328774581745,4.621340612528865,0.0972768376928392,All ages,1,1.0,42,2,Cluster C,-0.16815373424965852,False,0.6484614341652108,0.709799900450901,-0.4536671042566007,-0.9561707649158276,
RWA,Rwanda,African Region,LI,Both,2023,21050116.02591429,101.44972559778644,715.5817799285848,5.9747077563683915,12.967818060799202,0.3446921290900656,All ages,1,1.0,42,1,Cluster A,-0.1701193247885121,False,0.13099964706443368,-0.04268891304812096,0.4151872454817753,0.5276668105899731,
LKA,Sri Lanka,South-East Asia Region,LMI,Both,2023,10733367.349235358,98.10348350252946,666.6576051476985,1.6799150010140038,15.103201571656776,0.1566273001784406,All ages,1,1.0,42,1,Cluster A,-0.1705170496641445,False,-0.002281581501649149,-0.2828094911722563,-0.4897864140331831,0.9072954995984839,
TKM,Turkmenistan,European Region,UMI,Both,2023,120170571.30815823,86.36777813432568,643.7062766861079,4.439778617971071,10.265413142268864,0.0782180083293835,All ages,1,1.0,42,1,Cluster A,-0.17094285539640863,False,-0.4697161499032671,-0.39545495292191746,0.09175593724465762,0.04723300037486308,
LCA,Saint Lucia,Region of the Americas,UMI,Both,2023,34222403.05492796,94.7591662866997,751.0963116085774,4.159893561881094,6.380197316477757,0.071224988857496,All ages,1,1.0,42,1,Cluster A,-0.1710098323121947,False,-0.1354861418866505,0.13161693711696731,0.03278019199187048,-0.6434810483946986,
IRQ,Iraq,Eastern Mediterranean Region,UMI,Both,2023,44592372.29819283,110.69508376430824,885.6195892307732,2.5404019421746504,7.471462916748517,0.1975329591045368,All ages,1,1.0,42,2,Cluster C,-0.17167735240378157,False,0.49924338433439347,0.7918591862394794,-0.30846962869211103,-0.4494757434532456,
PRY,Paraguay,Region of the Americas,UMI,Both,2023,25177010.556991987,88.65947299860018,671.3121536952284,5.749880957697527,10.894616659214512,0.1844709655684716,All ages,1,1.0,42,1,Cluster A,-0.17199431157409095,False,-0.37843766546783913,-0.25996489761201136,0.36781305484206506,0.15909286303798365,
CHN,China,Western Pacific Region,UMI,Both,2023,43861783.64872854,83.2983136757713,623.1614315045645,1.274204761367084,5.922841440292444,-0.2122485588124103,All ages,1,1.0,42,1,Cluster A,-0.17252187737450103,False,-0.5919732916252965,-0.49628935890949466,-0.5752753074886876,-0.7247898207083148,
GHA,Ghana,African Region,LMI,Both,2023,29215591.779540807,114.5559097048458,878.153917335619,1.981985461237401,11.27600160299733,0.2898279222777855,All ages,1,1.0,42,2,Cluster C,-0.1729057201751225,False,0.6530205498789955,0.7552175574418918,-0.42613588992374246,0.22689551557308255,
TJK,Tajikistan,European Region,LMI,Both,2023,48924197.767695315,82.96746758238093,664.3770427777082,2.009068480608662,5.630641362735505,-0.161575537620215,All ages,1,1.0,42,1,Cluster A,-0.17331724665306597,False,-0.6051509316579344,-0.29400252523328585,-0.420429114172906,-0.7767371790198797,
UGA,Uganda,African Region,LI,Both,2023,21260931.256679337,93.67922642946522,667.2211350872926,4.226458640683436,12.281664561513502,0.175570783753772,All ages,1,1.0,42,1,Cluster A,-0.17331983301204346,False,-0.17850027740114544,-0.28004367783985723,0.04680639683832215,0.4056823745071912,
BRA,Brazil,Region of the Americas,UMI,Both,2023,41263486.49984981,102.33548815366886,780.6832672152188,4.579502740346169,9.368639963267691,0.2183953097634019,All ages,1,1.0,42,1,Cluster A,-0.1748537367246767,False,0.16627967711162503,0.27683015567442065,0.12119778870318611,-0.11219542292765083,
IRN,Iran (Islamic Republic of),Eastern Mediterranean Region,UMI,Both,2023,42873909.24987055,98.24880946115074,779.4727045455336,3.199468384953381,5.48298040388151,0.041284094294373,All ages,1,1.0,42,1,Cluster A,-0.17498412200491442,False,0.0035067690588326673,0.27088869607081617,-0.1695949950229112,-0.8029883586990605,
AZE,Azerbaijan,European Region,UMI,Both,2023,63597681.52460782,89.735780857534,728.3017362655314,2.510750830146474,3.552622031678458,-0.1188998165425326,All ages,1,1.0,42,1,Cluster A,-0.17512333790429552,False,-0.33556819288623485,0.019740822006595986,-0.31471753793694546,-1.1461676585437734,
SLB,Solomon Islands,Western Pacific Region,LMI,Both,2023,18812058.4212611,107.18225794633555,689.6386622007468,2.072152683278016,12.98051900143228,0.1797884374139537,All ages,1,1.0,42,1,Cluster A,-0.1753221924794554,False,0.3593271058853,-0.17001812105317232,-0.40713637922636076,0.5299247850555406,
BFA,Burkina Faso,African Region,LI,Both,2023,14309856.57970646,114.73853983067724,816.2999865169477,1.4438568997361203,9.916782813217251,0.1892466070495767,All ages,1,1.0,42,2,Cluster C,-0.17612954529734293,False,0.6602947299445963,0.451637544208185,-0.5395271991980243,-0.014746533555937646,
BTN,Bhutan,South-East Asia Region,LMI,Both,2023,28506516.90802692,78.09754399373702,609.0513422682748,1.3799116951303856,8.003846490566778,-0.1768533381181217,All ages,1,1.0,42,1,Cluster A,-0.17620004261384953,False,-0.7991205789340264,-0.5655418869281112,-0.5530013594466973,-0.35482853973051715,
UZB,Uzbekistan,European Region,LMI,Both,2023,16748849.334773786,83.36144968370549,611.2484014230095,1.274702645521882,11.8080326076103,-0.1173458993527139,All ages,1,1.0,42,1,Cluster A,-0.17682278080426655,False,-0.589458576770638,-0.5547586878906096,-0.5751703962458762,0.32148003950807813,
PER,Peru,Region of the Americas,UMI,Both,2023,30697492.290676378,84.23018353335836,685.716290953611,1.4367144031347512,4.2544698136190116,-0.2045190349307411,All ages,1,1.0,42,1,Cluster A,-0.17715112657781368,False,-0.554856802158217,-0.18926917752367833,-0.5410322243891365,-1.0213930913585936,
MRT,Mauritania,African Region,LMI,Both,2023,13211543.494180052,82.89337236606328,635.4561145663441,1.4817628564671532,8.418100360014403,-0.1293700330840556,All ages,1,1.0,42,1,Cluster A,-0.17715447650079347,False,-0.6081021531119006,-0.43594687142003946,-0.5315398772632159,-0.2811824463821856,
IND,India,South-East Asia Region,LMI,Both,2023,18718600.17633046,104.40346330114104,737.3384141829133,1.5878580690481572,14.290324767984208,0.18442133107119,All ages,1,1.0,42,2,Cluster C,-0.17727543156899994,False,0.24864737808875703,0.0640929717477314,-0.50918411337525,0.7627821820915436,
BDI,Burundi,African Region,LI,Both,2023,8459352.92040421,105.1183069543002,735.9852686568415,4.18496112379917,13.365694432413658,0.3059885634382053,All ages,1,1.0,42,2,Cluster C,-0.17736834814530827,False,0.27711968750736216,0.057451713362451834,0.03806228231295457,0.5984013107748131,
COM,Comoros,African Region,LMI,Both,2023,26245503.105480645,108.38230903143322,820.2412229032981,1.192394031099096,8.300317607092662,0.104298367142736,All ages,1,1.0,42,2,Cluster C,-0.177541071206737,False,0.40712528617553834,0.470981191062788,-0.5925139870188953,-0.30212187569413,
ARM,Armenia,European Region,UMI,Both,2023,68609654.06859003,86.29777033679534,700.2694156080731,1.5182982122910424,4.385506505095158,-0.1611380296434953,All ages,1,1.0,42,1,Cluster A,-0.17831899649096222,False,-0.4725045689711147,-0.11784222507751661,-0.5238413603509842,-0.9980973755566465,
PRT,Portugal,European Region,HI,Both,2023,32447854.70983918,108.84515789504788,834.9055333568953,2.206311502889886,11.724845362809418,0.2459991101260027,All ages,1,1.0,42,2,Cluster C,-0.17859162480985608,False,0.4255606125586519,0.5429538450662486,-0.3788672158798879,0.3066910030069457,
MEX,Mexico,Region of the Americas,UMI,Both,2023,36755540.89974681,84.00241042249525,635.1390847637384,2.4386133428192887,7.936563540915406,-0.0897393413544658,All ages,1,1.0,42,1,Cluster A,-0.1788102087173355,False,-0.5639290327936465,-0.4375028584106264,-0.3299179281800621,-0.36679010908745097,
AUS,Australia,Western Pacific Region,HI,Both,2023,38468255.419657424,98.7898500152718,707.4973093589908,5.800353621936953,11.448306690350153,0.2768589049421689,All ages,1,1.0,42,1,Cluster A,-0.17992245205072344,False,0.025056479959768053,-0.08236761495147649,0.3784483600276943,0.2575279308224537,
ARG,Argentina,Region of the Americas,UMI,Both,2023,34540748.17416328,102.62475095900804,780.7740900920112,1.070623840326355,10.668097649612127,0.0919342542541104,All ages,1,1.0,42,1,Cluster A,-0.18042531912740112,False,0.17780104973697192,0.27727591570573334,-0.6181726908122404,0.11882229139892268,
BWA,Botswana,African Region,UMI,Both,2023,15281217.886045482,86.01928303908444,629.3750542289052,1.280705541539137,11.306776391652914,-0.0484301516552277,All ages,1,1.0,42,1,Cluster A,-0.18236245487210584,False,-0.48359675182051676,-0.4657928060806286,-0.5739055010376846,0.23236666050439356,
BRB,Barbados,Region of the Americas,HI,Both,2023,54106201.41673424,85.21812031775242,683.8660455206924,2.1678614086586494,4.750873216524949,-0.1540067092275388,All ages,1,1.0,42,1,Cluster A,-0.18236809917058794,False,-0.5155071601952812,-0.1983502096517361,-0.3869691952924582,-0.9331424459329093,
GMB,Gambia,African Region,LI,Both,2023,21709323.40521603,88.08910858558673,655.8913542314094,1.1232816359516633,7.892264109051184,-0.1201543336067615,All ages,1,1.0,42,1,Cluster A,-0.18284092909876032,False,-0.40115534922555524,-0.33565041093895676,-0.6070769474961943,-0.3746656664086193,
DOM,Dominican Republic,Region of the Americas,UMI,Both,2023,29044042.846473128,104.02938466277185,823.4341215098178,2.190941771905749,8.441048362038302,0.133082823215661,All ages,1,1.0,42,2,Cluster C,-0.18375723727384885,False,0.23374778054533862,0.4866519849540075,-0.382105835875494,-0.2771027483422777,
BLZ,Belize,Region of the Americas,UMI,Both,2023,61894405.44300852,98.97071157229264,777.2511686067812,3.2801259309233513,7.09064810606883,0.0906669527581692,All ages,1,1.0,42,1,Cluster A,-0.1847428389191102,False,0.03226021771510878,0.2599853646129871,-0.15259930775652603,-0.5171770376696156,
KEN,Kenya,African Region,LMI,Both,2023,15399393.418846631,92.68246832351618,691.1968256880414,2.9296322591303894,11.596173850139154,0.1085679851142777,All ages,1,1.0,42,1,Cluster A,-0.18561834132925442,False,-0.21820127367167605,-0.16237063146225414,-0.2264532883482248,0.2838157689239883,
GNB,Guinea-Bissau,African Region,LI,Both,2023,6295858.370339947,96.18658942816953,675.5892788963599,1.806099696994681,12.060245571428794,0.0776833273119044,All ages,1,1.0,42,1,Cluster A,-0.1860324627420804,False,-0.07863170501000667,-0.2389727034543237,-0.4631975114711098,0.3663184848358279,
SEN,Senegal,African Region,LMI,Both,2023,11133738.787146604,90.51499922378068,650.7025942850183,1.2850298610847193,8.729840434600236,-0.0811714675888768,All ages,1,1.0,42,1,Cluster A,-0.18714457404306145,False,-0.30453183083645385,-0.36111692199723927,-0.572994305665289,-0.22576126549140157,
NER,Niger,African Region,LI,Both,2023,5066112.244009543,99.52892047904984,742.749066922242,1.3478801595355685,9.249134346956351,0.0415308008717193,All ages,1,1.0,42,1,Cluster A,-0.1872100114533934,False,0.05449374618412893,0.09064853593691272,-0.5597508576503033,-0.1334411430611777,
ESP,Spain,European Region,HI,Both,2023,27141305.82011548,98.89348609392384,762.3228112484394,2.209635126754203,7.306054485851005,0.0376836087029131,All ages,1,1.0,42,1,Cluster A,-0.18768717352270303,False,0.029184317543932723,0.18671676447036054,-0.3781668812601109,-0.47888207044476533,
DJI,Djibouti,Eastern Mediterranean Region,LMI,Both,2023,31447376.67948563,95.5539740257054,704.9287387570653,3.4120141839235467,12.247210930679264,0.1716762632754935,All ages,1,1.0,42,1,Cluster A,-0.1889115610744031,False,-0.10382885322882686,-0.09497419770221882,-0.1248085849525399,0.39955720465424427,
MLI,Mali,African Region,LI,Both,2023,15684442.950424084,89.4755089062132,670.1628686319823,1.2703724896705897,7.86922670586406,-0.0977394367585769,All ages,1,1.0,42,1,Cluster A,-0.18909815232605742,False,-0.34593485627932813,-0.26560560581101617,-0.576082821410543,-0.37876125819605244,
LBR,Liberia,African Region,LI,Both,2023,5141247.202592496,94.98172796247196,696.5778543187271,2.248419934717728,10.593414298933022,0.0656599667095003,All ages,1,1.0,42,1,Cluster A,-0.19030856590363793,False,-0.12662148334305634,-0.1359604628392859,-0.36999437292368953,0.10554507802487845,
PRK,Democratic People's Republic of Korea,South-East Asia Region,LI,Both,2023,11399569.918110227,89.99238190946073,673.2795116239586,1.826302828495812,8.050097060004484,-0.0628971340086771,All ages,1,1.0,42,1,Cluster A,-0.19101174506570368,False,-0.32534774186130144,-0.25030907561113935,-0.4589404255324586,-0.3466061089810719,
ECU,Ecuador,Region of the Americas,UMI,Both,2023,15571106.39341462,94.56221553559573,713.662782133605,1.6685428075405992,9.43290918866795,0.0168764209770366,All ages,1,1.0,42,1,Cluster A,-0.19141485057898172,False,-0.1433307141940029,-0.05210738279264291,-0.4921826962592599,-0.10076963376226858,
CRI,Costa Rica,Region of the Americas,UMI,Both,2023,53368135.368820414,94.3960648888334,703.1872518438811,2.585676070426163,9.46174101341072,0.0517137399371462,All ages,1,1.0,42,1,Cluster A,-0.19155938621888935,False,-0.14994851460925718,-0.10352144139640931,-0.2989297286645624,-0.09564390914504263,
MOZ,Mozambique,African Region,LI,Both,2023,54006879.185971774,108.62396470933813,723.0256621816237,1.5568895712292663,8.833452798334326,0.0732463936937346,All ages,1,1.0,42,1,Cluster A,-0.19175374321160327,False,0.41675046114025094,-0.006154228138401798,-0.5157096144639586,-0.2073410493524988,
GIN,Guinea,African Region,LMI,Both,2023,38581783.36479453,102.85132224429924,766.0662014563065,1.6177164463464702,11.190526654135038,0.1325020359061407,All ages,1,1.0,42,1,Cluster A,-0.19314841830672852,False,0.1868254115140861,0.20508937933577176,-0.5028925304025571,0.21169977082059557,
CIV,CÃ´te d'Ivoire,African Region,LMI,Both,2023,37267339.173240274,99.48672579600732,702.2256213793047,1.7940722098898512,11.267450951603648,0.0898278704337914,All ages,1,1.0,42,1,Cluster A,-0.19335608021783623,False,0.052813126840168347,-0.108241138031662,-0.4657318733460704,0.2253753799336308,
TZA,United Republic of Tanzania,African Region,LMI,Both,2023,15563809.586631704,102.99583980782045,776.2517750319795,2.4856720479712258,8.648120880835547,0.1164891674151347,All ages,1,1.0,42,1,Cluster A,-0.1935974502892781,False,0.19258156359967032,0.2550803260705958,-0.32000199252512507,-0.24028937573684897,
