region_name,sex_name,year,population,suicide_rate,depression_dalys_rate,addiction_death_rate,selfharm_death_rate,risk_index,location_name,iso3,income_group,age_name,is_synthetic,generator_version,seed
Eastern Mediterranean Region,Male,2000,261471272.58295542,110.81271184940242,880.8234656698031,1.8617722333479383,5.236839993656128,0.09948148233339925,Eastern Mediterranean Region,,,All ages,1,1.0,42
Eastern Mediterranean Region,Female,2000,256293623.62091672,96.67073649458119,771.801584975439,0.5297143907851086,1.8253853542764742,-0.18302198737678557,Eastern Mediterranean Region,,,All ages,1,1.0,42
Eastern Mediterranean Region,Both,2000,517764896.2038722,102.1987907283302,823.9361299600847,1.2245096751007312,3.5366977551899508,-0.05580800082288972,Eastern Mediterranean Region,,,All ages,1,1.0,42
Eastern Mediterranean Region,Male,2001,264001353.5843019,108.9157285316022,881.392649827397,1.8047654399196267,5.403584806296499,0.08723062698593093,Eastern Mediterranean Region,,,All ages,1,1.0,42
Eastern Mediterranean Region,Female,2001,258773604.00837502,96.30455635166985,793.1190599318167,0.5625407491987453,1.802693549429672,-0.1785495390925638,Eastern Mediterranean Region,,,All ages,1,1.0,42
Eastern Mediterranean Region,Both,2001,522774957.59267694,107.05706566038963,820.8905689605448,1.2324618184203247,3.613750791347,-0.03157686960915681,Eastern Mediterranean Region,,,All ages,1,1.0,42
Eastern Mediterranean Region,Male,2002,266560185.84215444,110.39155710563534,871.9563503180873,1.878638089639387,5.195790738896371,0.09498565609965512,Eastern Mediterranean Region,,,All ages,1,1.0,42
Eastern Mediterranean Region,Female,2002,261281766.3205276,97.05449420166572,749.8280494953946,0.5649141858783129,1.7955436943326832,-0.21004188648044242,Eastern Mediterranean Region,,,All ages,1,1.0,42
Eastern Mediterranean Region,Both,2002,527841952.1626819,103.9828331920088,830.4716990616308,1.249387162698585,3.55559356631349,-0.040086215202980634,Eastern Mediterranean Region,,,All ages,1,1.0,42
Eastern Mediterranean Region,Male,2003,269148137.9977794,110.40474723159784,899.1835569771151,1.8906082019956247,5.260843283975434,0.104475165776985,Eastern Mediterranean Region,,,All ages,1,1.0,42
Eastern Mediterranean Region,Female,2003,263818471.89881352,97.12738715449638,820.570796767292,0.5669092828307559,1.8043158002924917,-0.16067770200130502,Eastern Mediterranean Region,,,All ages,1,1.0,42
Eastern Mediterranean Region,Both,2003,532966609.8965929,102.95085110311538,852.295662000253,1.2221150822110594,2.945940976408245,-0.04370446204646124,Eastern Mediterranean Region,,,All ages,1,1.0,42
Eastern Mediterranean Region,Male,2004,271765583.8574617,110.73371101352038,878.6608984950835,1.9126500313992152,5.41252913134326,0.10167959567038973,Eastern Mediterranean Region,,,All ages,1,1.0,42
Eastern Mediterranean Region,Female,2004,266384087.14741287,97.70016652728144,797.6195901980273,0.5697933349509477,1.8349402600476663,-0.17118170462118765,Eastern Mediterranean Region,,,All ages,1,1.0,42
Eastern Mediterranean Region,Both,2004,538149671.0048745,104.18366513267816,835.2773009893483,1.2425481891407324,3.6036361730645377,-0.03202959557409394,Eastern Mediterranean Region,,,All ages,1,1.0,42
Eastern Mediterranean Region,Male,2005,274412902.4696892,110.54688941239714,881.7474416249223,1.9118270811701072,5.3023503457431955,0.10465103934246599,Eastern Mediterranean Region,,,All ages,1,1.0,42
Eastern Mediterranean Region,Female,2005,268978983.6089032,97.06090488424083,802.5973004918558,0.5707900358577234,1.8135951649521913,-0.16999707349149998,Eastern Mediterranean Region,,,All ages,1,1.0,42
Eastern Mediterranean Region,Both,2005,543391886.0785925,106.16996792203358,835.777510084843,1.2641113789831748,3.6556280649035884,-0.01997963400185595,Eastern Mediterranean Region,,,All ages,1,1.0,42
Eastern Mediterranean Region,Male,2006,277090478.20354736,111.5924968866534,877.4100468056453,1.9372631161843166,5.44177336515762,0.11104795965184858,Eastern Mediterranean Region,,,All ages,1,1.0,42
Eastern Mediterranean Region,Female,2006,271603538.041101,98.02366802158032,771.8644150172295,0.5839488422327611,1.829138519690142,-0.1860976169821832,Eastern Mediterranean Region,,,All ages,1,1.0,42
Eastern Mediterranean Region,Both,2006,548694016.2446483,106.47601189815788,853.6721117558457,1.2708035820215402,3.6182611933686126,-0.009097978366675695,Eastern Mediterranean Region,,,All ages,1,1.0,42
Eastern Mediterranean Region,Male,2007,279798700.8283405,115.49576172505512,883.893152073567,1.958703968806174,5.229749789149866,0.12724770370108718,Eastern Mediterranean Region,,,All ages,1,1.0,42
Eastern Mediterranean Region,Female,2007,274258132.49510604,97.86452124995215,806.579022778588,0.578227199795598,1.8360910397411083,-0.16729206566533902,Eastern Mediterranean Region,,,All ages,1,1.0,42
Eastern Mediterranean Region,Both,2007,554056833.3234466,104.92143239646038,849.952387848422,1.2441689615296616,3.6385073092391975,-0.019998823974396708,Eastern Mediterranean Region,,,All ages,1,1.0,42
Eastern Mediterranean Region,Male,2008,282537965.59446174,111.0851956288913,871.5935597627326,1.8889685322467642,5.429315816823928,0.09139083747834924,Eastern Mediterranean Region,,,All ages,1,1.0,42
Eastern Mediterranean Region,Female,2008,276943154.3945713,99.23900537416966,802.585996628612,0.5556153499093456,1.8680616860675074,-0.15353824769766844,Eastern Mediterranean Region,,,All ages,1,1.0,42
Eastern Mediterranean Region,Both,2008,559481119.989033,105.57479461863177,839.417923693896,1.268972832152777,3.639309826530998,-0.024429895202139593,Eastern Mediterranean Region,,,All ages,1,1.0,42
Eastern Mediterranean Region,Male,2009,285308673.3155317,112.27961002913119,923.5039799919468,2.022628778059839,5.405002664914364,0.14242096558886427,Eastern Mediterranean Region,,,All ages,1,1.0,42
Eastern Mediterranean Region,Female,2009,279658996.6162142,98.88758305386233,806.781613077709,0.6251929185344358,1.8529420623144945,-0.1477525698161799,Eastern Mediterranean Region,,,All ages,1,1.0,42
Eastern Mediterranean Region,Both,2009,564967669.9317459,105.21017280519717,856.9891550025181,1.2791563036171991,3.5716056868282533,-0.014040276997424004,Eastern Mediterranean Region,,,All ages,1,1.0,42
Eastern Mediterranean Region,Male,2010,288111230.451826,111.87365277497017,895.7175639083883,2.0862492876594922,5.557364786596709,0.12672983694197618,Eastern Mediterranean Region,,,All ages,1,1.0,42
Eastern Mediterranean Region,Female,2010,282406057.57159173,98.59155901626464,836.3328043735917,0.5898339492278332,1.8845054134151051,-0.14095493421789804,Eastern Mediterranean Region,,,All ages,1,1.0,42
Eastern Mediterranean Region,Both,2010,570517288.0234176,109.48311086020644,850.0268300399816,1.2742675074473044,3.6935481023641454,-0.0012581118186495465,Eastern Mediterranean Region,,,All ages,1,1.0,42
Eastern Mediterranean Region,Male,2011,290946049.1950125,112.68946213406915,899.1358128190183,1.9753156081593284,5.212145191539491,0.12334861049548869,Eastern Mediterranean Region,,,All ages,1,1.0,42
Eastern Mediterranean Region,Female,2011,285184741.2901607,99.22936916911269,800.8112569866411,0.5867528817061554,1.84730658620117,-0.15571757741170408,Eastern Mediterranean Region,,,All ages,1,1.0,42
Eastern Mediterranean Region,Both,2011,576130790.485173,101.96560704360122,859.1112003449912,1.278424806820145,3.7081245720293317,-0.030659289275006628,Eastern Mediterranean Region,,,All ages,1,1.0,42
Eastern Mediterranean Region,Male,2012,293813547.5542199,114.53462525171972,899.1309215045034,1.9810655635481609,5.523452387142891,0.14621305567501802,Eastern Mediterranean Region,,,All ages,1,1.0,42
Eastern Mediterranean Region,Female,2012,287995457.5036412,99.47727792538892,812.7555922087951,0.5804196338111446,1.9469978329378532,-0.13496210997560662,Eastern Mediterranean Region,,,All ages,1,1.0,42
Eastern Mediterranean Region,Both,2012,581809005.0578611,107.52382090963613,868.5304785822507,1.3572784252786478,3.8028712305322085,0.01715059289193107,Eastern Mediterranean Region,,,All ages,1,1.0,42
Eastern Mediterranean Region,Male,2013,296714149.44345874,116.81242278215602,897.8858976546932,2.019250247822534,5.551454365292604,0.15246374961295767,Eastern Mediterranean Region,,,All ages,1,1.0,42
Eastern Mediterranean Region,Female,2013,290838621.7317071,99.29115888558357,814.6187297118964,0.5729939746720317,1.883790513127309,-0.1459783916419084,Eastern Mediterranean Region,,,All ages,1,1.0,42
Eastern Mediterranean Region,Both,2013,587552771.175166,107.15594178326347,859.1279889082546,1.244060781919351,3.730115514618853,0.005173349437340238,Eastern Mediterranean Region,,,All ages,1,1.0,42
Eastern Mediterranean Region,Male,2014,299648284.77041835,114.91216007473831,930.503267928669,1.9722851792259102,5.619310294388059,0.16134889331221108,Eastern Mediterranean Region,,,All ages,1,1.0,42
Eastern Mediterranean Region,Female,2014,293714655.3690239,100.00121967367072,820.8901788773485,0.6163860610766884,1.8931339745684073,-0.13763010840103013,Eastern Mediterranean Region,,,All ages,1,1.0,42
Eastern Mediterranean Region,Both,2014,593362940.1394422,105.58215654530797,860.9930155470589,1.3248209352412288,3.794789128703049,-0.0031905948909376537,Eastern Mediterranean Region,,,All ages,1,1.0,42
Eastern Mediterranean Region,Male,2015,302616389.5266588,114.07513260787005,836.9682185696545,1.9487740847578527,5.789402960672223,0.09354831696778589,Eastern Mediterranean Region,,,All ages,1,1.0,42
Eastern Mediterranean Region,Female,2015,296623985.7736556,100.43865424260301,814.1935779034657,0.5980950627597672,1.8685410884273392,-0.14127678976462163,Eastern Mediterranean Region,,,All ages,1,1.0,42
Eastern Mediterranean Region,Both,2015,599240375.3003145,109.0635484897775,857.7713985155951,1.3198072069521951,3.7884243004208433,0.011711803769684668,Eastern Mediterranean Region,,,All ages,1,1.0,42
Eastern Mediterranean Region,Male,2016,305618905.8792249,114.48394818364775,914.334943933735,2.041921332313505,5.560044523332117,0.1564652494595671,Eastern Mediterranean Region,,,All ages,1,1.0,42
Eastern Mediterranean Region,Female,2016,299567046.3568639,99.99197084880797,821.8557203486907,0.6006067936769665,1.9058875972659093,-0.13735276333101692,Eastern Mediterranean Region,,,All ages,1,1.0,42
Eastern Mediterranean Region,Both,2016,605185952.2360888,110.80216441261719,863.9396607441348,1.3256694615795437,3.5753854109665046,0.01763576084383331,Eastern Mediterranean Region,,,All ages,1,1.0,42
Eastern Mediterranean Region,Male,2017,308656282.2637018,114.37202218929497,919.8450119246811,2.04977700892287,5.7115534160684005,0.16030434106063002,Eastern Mediterranean Region,,,All ages,1,1.0,42
Eastern Mediterranean Region,Female,2017,302544276.6743216,105.0818894140579,824.4367847510423,0.5985381666059726,1.9656009839958428,-0.10615254248640385,Eastern Mediterranean Region,,,All ages,1,1.0,42
Eastern Mediterranean Region,Both,2017,611200558.9380236,107.60708938957067,871.7246439108009,1.2808592358710766,3.8123901504365305,0.013675368681347473,Eastern Mediterranean Region,,,All ages,1,1.0,42
Eastern Mediterranean Region,Male,2018,311728973.4787377,116.1323223028934,919.0095960363838,2.1190173457530608,5.662528146843315,0.17428173208501907,Eastern Mediterranean Region,,,All ages,1,1.0,42
Eastern Mediterranean Region,Female,2018,305556122.5187627,99.21448567498918,826.5743580302897,0.6075718775489957,1.9259989466978544,-0.13744267166213617,Eastern Mediterranean Region,,,All ages,1,1.0,42
Eastern Mediterranean Region,Both,2018,617285095.9975005,106.80572310101503,894.3266064764354,1.3153821018752272,3.7083449341525947,0.012140934048236832,Eastern Mediterranean Region,,,All ages,1,1.0,42
Eastern Mediterranean Region,Male,2019,314837440.78205615,116.55958274952486,898.2037111555904,2.040682833359643,5.687996162017772,0.15598326931326661,Eastern Mediterranean Region,,,All ages,1,1.0,42
Eastern Mediterranean Region,Female,2019,308603036.0140947,101.05033924722288,829.0487281407239,0.6021654943989794,2.073812287924688,-0.11597020771854873,Eastern Mediterranean Region,,,All ages,1,1.0,42
Eastern Mediterranean Region,Both,2019,623440476.796151,110.50457411675904,886.1521986286359,1.3506718874084516,3.82871476250927,0.03910549621010893,Eastern Mediterranean Region,,,All ages,1,1.0,42
Eastern Mediterranean Region,Male,2020,317982151.98798376,117.06102435359651,924.0121921297695,2.0900369857520973,5.815988933005079,0.18091907056823728,Eastern Mediterranean Region,,,All ages,1,1.0,42
Eastern Mediterranean Region,Female,2020,311685475.7109939,101.95664945327142,841.3320634230865,0.6279181484716242,1.9721647432153175,-0.10978830081860892,Eastern Mediterranean Region,,,All ages,1,1.0,42
Eastern Mediterranean Region,Both,2020,629667627.6989778,101.81827101447311,856.1661100201892,1.3367300267023143,3.8491635325549627,-0.03298943396871139,Eastern Mediterranean Region,,,All ages,1,1.0,42
Eastern Mediterranean Region,Male,2021,321163581.56651616,116.32193709695764,909.74754416267,2.1226826200811932,5.840509768446056,0.16866400530139444,Eastern Mediterranean Region,,,All ages,1,1.0,42
Eastern Mediterranean Region,Female,2021,314803906.6840108,102.98459542035835,819.0461832072042,0.572385294949422,1.983681883852496,-0.12060994035396787,Eastern Mediterranean Region,,,All ages,1,1.0,42
Eastern Mediterranean Region,Both,2021,635967488.250527,109.32050372681078,874.7180244805608,1.3985441411657231,3.822634952041607,0.032968059142726575,Eastern Mediterranean Region,,,All ages,1,1.0,42
Eastern Mediterranean Region,Male,2022,324382210.74394953,115.92817616330045,914.358935457841,2.1235397735760353,5.921910374995939,0.1714852678158081,Eastern Mediterranean Region,,,All ages,1,1.0,42
Eastern Mediterranean Region,Female,2022,317958800.63020796,103.57072372165072,831.3780560813904,0.6412287335107414,1.956115494915964,-0.10959706280740895,Eastern Mediterranean Region,,,All ages,1,1.0,42
Eastern Mediterranean Region,Both,2022,642341011.3741577,108.78804158680536,866.466975866487,1.3451734125314307,3.8771619398537807,0.020122253055103196,Eastern Mediterranean Region,,,All ages,1,1.0,42
Eastern Mediterranean Region,Male,2023,327638527.60510117,117.66568328547028,923.6410470129341,2.119453675982352,5.735956160069583,0.18325966847972022,Eastern Mediterranean Region,,,All ages,1,1.0,42
Eastern Mediterranean Region,Female,2023,321150635.96935654,102.4455908107134,837.6833225562261,0.6341313146493819,1.8991739603673714,-0.10228626092540842,Eastern Mediterranean Region,,,All ages,1,1.0,42
Eastern Mediterranean Region,Both,2023,648789163.5744575,110.01432150459213,889.4856065584826,1.3710497488292381,3.890500076257932,0.04140892904758005,Eastern Mediterranean Region,,,All ages,1,1.0,42
African Region,Male,2000,406264418.36513424,113.57134115814839,774.8601773514176,3.3578202303563716,18.599873941129854,0.4681519396546104,African Region,,,All ages,1,1.0,42
African Region,Female,2000,398219578.39750785,90.68626591550166,694.3377324014518,1.013930812595912,4.145936664087185,-0.18568832242240327,African Region,,,All ages,1,1.0,42
African Region,Both,2000,804483996.7626421,101.89335423656037,732.8290435973291,2.236689659376556,11.63054431591738,0.1445602959423205,African Region,,,All ages,1,1.0,42
African Region,Male,2001,410367984.43388027,109.91369467534427,766.140249598524,3.426492308340594,18.731580084818106,0.4309151496143043,African Region,,,All ages,1,1.0,42
African Region,Female,2001,402241885.7322193,89.87472852273784,697.3545928495467,1.089192162370096,4.294134395335197,-0.17749677032952826,African Region,,,All ages,1,1.0,42
African Region,Both,2001,812609870.1660995,102.01224976350446,735.4336183177636,2.252735593788692,11.395168644424718,0.14332454458054536,African Region,,,All ages,1,1.0,42
African Region,Male,2002,414518529.1345961,110.97370137646553,770.3246212471238,3.411370824570564,18.847046464929402,0.45924413496502225,African Region,,,All ages,1,1.0,42
African Region,Female,2002,406310241.42896056,91.23794438920117,702.0422531272711,1.0430174911111558,4.110804085042844,-0.17961787293536483,African Region,,,All ages,1,1.0,42
African Region,Both,2002,820828770.5635566,103.05469672021476,718.7694109855661,2.2394922729227895,11.52279022901482,0.1398591745408102,African Region,,,All ages,1,1.0,42
African Region,Male,2003,418716638.6008158,111.20292251466566,779.7758964843486,3.415812326335068,18.66912251820489,0.4579704939492507,African Region,,,All ages,1,1.0,42
African Region,Female,2003,410425220.0146611,91.58592449655491,702.9732689515527,1.0462610737744928,4.2586985094730085,-0.17307256281156416,African Region,,,All ages,1,1.0,42
African Region,Both,2003,829141858.6154768,102.14493502040762,721.7668633647565,2.290679231650161,11.56124579744474,0.14208112365150488,African Region,,,All ages,1,1.0,42
African Region,Male,2004,422962906.7470666,114.8433916947257,767.4919815656809,3.4335771107828355,18.78327505378285,0.4839551747388051,African Region,,,All ages,1,1.0,42
African Region,Female,2004,414587403.6431643,91.61596846897064,706.7761926102892,1.0504670770261215,4.345178141054167,-0.1645793151955422,African Region,,,All ages,1,1.0,42
African Region,Both,2004,837550310.3902309,102.3698047689512,721.6724921034154,2.2680009867424746,11.74268471885837,0.13673530989600224,African Region,,,All ages,1,1.0,42
African Region,Male,2005,427257935.3772421,115.0230379345058,775.863848270251,3.4206652356886758,18.889267828715568,0.4832618999209036,African Region,,,All ages,1,1.0,42
African Region,Female,2005,418797382.20145506,92.84873136488942,696.9944585506034,1.0430036058901735,4.206461111956484,-0.17040687709419897,African Region,,,All ages,1,1.0,42
African Region,Both,2005,846055317.5786972,103.10843197307587,743.9730617624652,2.2118862891446285,11.627500952355483,0.16129099568215233,African Region,,,All ages,1,1.0,42
African Region,Male,2006,431602334.29454535,113.65037283936724,776.4110905907887,3.4377389040587625,18.845798368646946,0.48691551218530144,African Region,,,All ages,1,1.0,42
African Region,Female,2006,423055753.41742563,92.37439751422576,704.1596521556144,1.0586139950209867,4.284094686673224,-0.16675160667999814,African Region,,,All ages,1,1.0,42
African Region,Both,2006,854658087.7119709,104.55577325064081,738.5299222819453,2.2696851813695167,11.580833389282922,0.16438773365721457,African Region,,,All ages,1,1.0,42
African Region,Male,2007,435996721.4130248,116.7855204210013,771.3955017413689,3.463627097128038,19.162584732426964,0.48918071361306303,African Region,,,All ages,1,1.0,42
African Region,Female,2007,427363122.96920246,87.80309778714293,699.447037577921,1.0690850503575993,4.141017361299002,-0.19278506061437023,African Region,,,All ages,1,1.0,42
African Region,Both,2007,863359844.3822272,103.65920087340466,734.0140453560185,2.2776749985968325,11.75526061270509,0.1626477136244261,African Region,,,All ages,1,1.0,42
African Region,Male,2008,440441722.87072635,115.84524196748268,793.4677948622848,3.58390847595851,18.95499379579279,0.5096920524785361,African Region,,,All ages,1,1.0,42
African Region,Female,2008,431720104.5960585,92.76378946768854,693.3968196470919,1.0604784877377575,4.3583063452040145,-0.1699300771837206,African Region,,,All ages,1,1.0,42
African Region,Both,2008,872161827.466785,103.52446315864586,750.8215247083153,2.259279157014682,11.68182848381355,0.16998391515030892,African Region,,,All ages,1,1.0,42
African Region,Male,2009,444937973.14448726,116.45570900434952,795.6557028056424,3.5212885053488394,19.58424729501856,0.5098082800740581,African Region,,,All ages,1,1.0,42
African Region,Female,2009,436127320.21093297,91.85996541048465,711.3048557550156,1.06448887624081,4.3186119186391565,-0.16351107503530854,African Region,,,All ages,1,1.0,42
African Region,Both,2009,881065293.3554202,104.11096183119409,745.0826434441879,2.3366265842195735,11.914445466083915,0.1705170958909413,African Region,,,All ages,1,1.0,42
African Region,Male,2010,449486115.16639423,116.03333910448261,781.6826357723373,3.4030096330924424,18.96469560489541,0.4989011057820584,African Region,,,All ages,1,1.0,42
African Region,Female,2010,440585400.0145844,92.06031729876786,711.7056713933006,1.0608376200124903,4.341461190687405,-0.16219879345376403,African Region,,,All ages,1,1.0,42
African Region,Both,2010,890071515.1809788,105.7225100807608,774.8873510610072,2.2490593119025726,11.751575606139205,0.19304488590008584,African Region,,,All ages,1,1.0,42
African Region,Male,2011,454086800.4419333,116.56203516631011,788.8762287473045,3.4774854637415413,18.969528179945954,0.4977492384201893,African Region,,,All ages,1,1.0,42
African Region,Female,2011,445094982.6113999,93.82406783324458,687.4628929432475,1.0608158793325637,4.44312267098148,-0.1657172848732485,African Region,,,All ages,1,1.0,42
African Region,Both,2011,899181783.0533332,105.52999314403566,747.4755807271598,2.296846437037756,11.965251273655253,0.1822612717546947,African Region,,,All ages,1,1.0,42
African Region,Male,2012,458740689.1698543,115.45035425244447,804.2837975312051,3.5284280586813295,19.17077240405925,0.5075461268124459,African Region,,,All ages,1,1.0,42
African Region,Female,2012,449656715.12688684,94.25141678850922,716.7743119524104,1.0565203005320238,4.367022777486189,-0.14717676652111664,African Region,,,All ages,1,1.0,42
African Region,Both,2012,908397404.2967411,106.2975873841116,753.3667378624785,2.2762176856581298,11.368934136115554,0.16362654493515336,African Region,,,All ages,1,1.0,42
African Region,Male,2013,463448450.3637777,116.25736949299612,791.8454006334213,3.541889818621479,19.090114517572108,0.51752692968333,African Region,,,All ages,1,1.0,42
African Region,Female,2013,454271253.3268712,94.4212555575238,717.0561771391688,1.070244785359261,4.403378664170389,-0.14583157261332128,African Region,,,All ages,1,1.0,42
African Region,Both,2013,917719703.6906488,105.72885782231685,763.1954738885396,2.2399780882441394,11.89422658541229,0.18943816705293193,African Region,,,All ages,1,1.0,42
African Region,Male,2014,468210761.9755682,118.3918377238946,790.6963782412174,3.57359215357173,19.01388460574205,0.5115291950563803,African Region,,,All ages,1,1.0,42
African Region,Female,2014,458939261.73842824,94.49074215042563,725.7226380589265,1.0649522924940606,4.462888131332377,-0.13752040474527313,African Region,,,All ages,1,1.0,42
African Region,Both,2014,927150023.7139963,104.62157474414181,754.1800740956527,2.331854511105884,11.82809260598766,0.1848495305650473,African Region,,,All ages,1,1.0,42
African Region,Male,2015,473028311.02050304,117.95688022828922,799.4382672941528,3.508215727940148,19.148972609712825,0.5120699246648527,African Region,,,All ages,1,1.0,42
African Region,Female,2015,463661413.7725722,94.01316152923108,721.3830125247434,1.1099142812562401,4.366993132777197,-0.14072965540738805,African Region,,,All ages,1,1.0,42
African Region,Both,2015,936689724.7930752,105.92310934268784,768.6154566806729,2.3167183992723843,11.930436320634712,0.19530596036643405,African Region,,,All ages,1,1.0,42
African Region,Male,2016,477901793.704261,117.94477983488223,808.9289501627485,3.5334475129520087,19.512688933729123,0.5338370333029635,African Region,,,All ages,1,1.0,42
African Region,Female,2016,468438391.84873104,94.39186951628137,724.2413722287056,1.0843308096386144,4.207777398220415,-0.14445775511873835,African Region,,,All ages,1,1.0,42
African Region,Both,2016,946340185.5529921,106.64999286811869,736.2918342193663,2.295553425392743,12.051616350218367,0.1710970709109849,African Region,,,All ages,1,1.0,42
African Region,Male,2017,482831915.5517601,120.16631096224523,791.7049602462183,3.5313769484668414,19.30373875419365,0.5340124744947731,African Region,,,All ages,1,1.0,42
African Region,Female,2017,473270887.5210322,92.83752360422339,719.8060416678592,1.0816070831204858,4.287932662357596,-0.15460079878764363,African Region,,,All ages,1,1.0,42
African Region,Both,2017,956102803.072792,105.94565144553944,762.1401806109881,2.30756034915037,12.156717128455314,0.19864096866921843,African Region,,,All ages,1,1.0,42
African Region,Male,2018,487819391.5378708,117.59922398302972,792.3484965138498,3.507861461835916,19.053602752921094,0.5143622199689628,African Region,,,All ages,1,1.0,42
African Region,Female,2018,478159601.6064278,93.9806134346845,729.4624664888426,1.0727591648646384,4.398239274557785,-0.13856172549733237,African Region,,,All ages,1,1.0,42
African Region,Both,2018,965978993.1442986,106.6700365699126,753.5760339012197,2.328864641651537,12.024956748164586,0.19266320986087915,African Region,,,All ages,1,1.0,42
African Region,Male,2019,492864946.2200341,118.18146474989133,794.2169591027961,3.4296335922885555,19.433052512405705,0.5312735335826052,African Region,,,All ages,1,1.0,42
African Region,Female,2019,483105244.31468695,92.42296345087004,717.3761668824093,1.0798396782397754,4.390809239553241,-0.15110884555300635,African Region,,,All ages,1,1.0,42
African Region,Both,2019,975970190.534721,105.68856113355102,763.893108957928,2.3343652637956964,11.902339281586958,0.19697601241467366,African Region,,,All ages,1,1.0,42
African Region,Male,2020,497969313.87281287,119.29968187584745,803.652524625476,3.530927171811001,19.50495658887188,0.5487157583803727,African Region,,,All ages,1,1.0,42
African Region,Female,2020,488108535.3802818,95.19608864629136,739.5123780229452,1.085893274643252,4.349160372506867,-0.1279649007355712,African Region,,,All ages,1,1.0,42
African Region,Both,2020,986077849.2530948,104.86579680217622,774.4545007773252,2.358886088318541,12.190842063118119,0.19789720257010338,African Region,,,All ages,1,1.0,42
African Region,Male,2021,503133238.6244036,117.40332467067911,796.0694425995144,3.554460232800895,19.481153907821632,0.5346115097767113,African Region,,,All ages,1,1.0,42
African Region,Female,2021,493170204.1961976,95.59680321725182,729.4573449141515,1.0703019594681327,4.306228873885792,-0.13304997255739034,African Region,,,All ages,1,1.0,42
African Region,Both,2021,996303442.8206012,106.87900466001346,769.0892519237849,2.362083176932833,12.114519296838898,0.21294798919685648,African Region,,,All ages,1,1.0,42
African Region,Male,2022,508357474.595142,118.21838695507107,794.423261982181,3.557310402049221,18.852643054697612,0.5055284505631668,African Region,,,All ages,1,1.0,42
African Region,Female,2022,498290989.9496936,96.62695932068783,719.8923444239894,1.0973920781149493,4.424281927007716,-0.13077000391917057,African Region,,,All ages,1,1.0,42
African Region,Both,2022,1006648464.5448356,105.46090903284895,802.4064246967891,2.333283212112652,11.84663579494846,0.21211886335156863,African Region,,,All ages,1,1.0,42
African Region,Male,2023,513642786.0380281,118.84224266137797,825.3269637572209,3.570890936170492,19.54731008909984,0.5631392396561263,African Region,,,All ages,1,1.0,42
African Region,Female,2023,503471641.7600475,96.33673561230218,744.1524286959334,1.1021695745818756,4.478740266607897,-0.11482447210480716,African Region,,,All ages,1,1.0,42
African Region,Both,2023,1017114427.7980757,107.69037672379932,770.3043697358039,2.3351181362813964,12.01735428427881,0.2173941215980173,African Region,,,All ages,1,1.0,42
European Region,Male,2000,780193973.6459541,93.48970012954946,678.6102046468517,7.899523771753117,14.707138611379596,0.39262430395514425,European Region,,,All ages,1,1.0,42
European Region,Female,2000,764744588.0292025,77.8391560403443,621.6490778460648,1.9939340192032706,4.206988756025661,-0.25168417722968645,European Region,,,All ages,1,1.0,42
European Region,Both,2000,1544938561.6751566,86.75242839188144,647.8333146587098,5.046959373455381,9.561377119490276,0.07607669586594491,European Region,,,All ages,1,1.0,42
European Region,Male,2001,787616290.764364,94.37012611315227,659.4730916847724,7.8496761824339725,14.956009152940748,0.40397480414542614,European Region,,,All ages,1,1.0,42
European Region,Female,2001,772019928.5710101,78.6913403602014,611.1391334829178,1.9652531456363938,4.23335639632503,-0.2552956363561657,European Region,,,All ages,1,1.0,42
European Region,Both,2001,1559636219.335374,86.34037466095292,671.7198636612945,4.898213697472858,9.727817486084291,0.09378463643436222,European Region,,,All ages,1,1.0,42
European Region,Male,2002,795118238.431052,95.02245263180649,677.902037807895,7.831967799650118,15.039469597301041,0.4176339713030841,European Region,,,All ages,1,1.0,42
European Region,Female,2002,779373322.8185558,79.02075885614933,615.4297788371208,2.0290755753870546,4.289448518426064,-0.24345752502852788,European Region,,,All ages,1,1.0,42
European Region,Both,2002,1574491561.2496076,85.01443242227285,656.3449819494351,4.830079117314502,9.425893092778054,0.06525029172632468,European Region,,,All ages,1,1.0,42
European Region,Male,2003,802700751.4367518,92.90533683699309,668.6820851417749,7.996389266744912,14.430904684588263,0.36586844625169057,European Region,,,All ages,1,1.0,42
European Region,Female,2003,786805687.0518657,78.45436162556685,619.1179353526262,2.02217497511789,4.193772488691661,-0.2503167583689927,European Region,,,All ages,1,1.0,42
European Region,Both,2003,1589506438.4886174,87.69604521478315,651.2426624403055,4.988974021787281,9.56623014184633,0.08808861319592466,European Region,,,All ages,1,1.0,42
European Region,Male,2004,810364776.3118207,95.44160745746483,705.0123384115053,7.77322427672347,14.827351206821032,0.4250331857690982,European Region,,,All ages,1,1.0,42
European Region,Female,2004,794317949.0581212,80.80494580279728,613.8722823442205,2.003392937308159,4.265161312771726,-0.23697168215116204,European Region,,,All ages,1,1.0,42
European Region,Both,2004,1604682725.369942,86.91717086701834,653.6598054658274,4.9508519196905105,9.863367855969598,0.09155220959546219,European Region,,,All ages,1,1.0,42
European Region,Male,2005,818111271.4815017,96.12936440183636,670.6693089515097,7.876360621951614,15.151578747104928,0.4184004498185712,European Region,,,All ages,1,1.0,42
European Region,Female,2005,801911048.2838482,79.44425665527578,624.2570824026657,2.0346557927274387,4.309032577477814,-0.23765528902681712,European Region,,,All ages,1,1.0,42
European Region,Both,2005,1620022319.7653499,87.82117307489045,653.6302324063488,5.066454444928075,9.788632126929707,0.10113104604047082,European Region,,,All ages,1,1.0,42
European Region,Male,2006,825941207.4233253,96.41698737384795,686.6021561031929,7.814657574756327,15.144216981042074,0.4326443814188988,European Region,,,All ages,1,1.0,42
European Region,Female,2006,809585935.9892001,82.29322585532542,621.9012878185756,1.995213726525438,4.29560889873275,-0.22564325748615502,European Region,,,All ages,1,1.0,42
European Region,Both,2006,1635527143.4125257,85.94746091474109,653.7088521259195,4.9505645372464215,9.653366628413318,0.08208451140387368,European Region,,,All ages,1,1.0,42
European Region,Male,2007,833855566.8266821,95.05983798465302,702.2344444217867,7.964193804768231,15.23432074639478,0.421013580221827,European Region,,,All ages,1,1.0,42
European Region,Female,2007,817343575.4043715,80.18135970311421,634.2660062822499,2.0256213932281892,4.3598215983455395,-0.22603121705517296,European Region,,,All ages,1,1.0,42
European Region,Both,2007,1651199142.2310534,87.4681298344098,659.0703321941462,5.018791703538962,9.829876297246706,0.10694226018689337,European Region,,,All ages,1,1.0,42
European Region,Male,2008,841855344.7545928,96.84426359232009,692.3164947662137,7.942397659964669,15.409595982572414,0.45315235667797577,European Region,,,All ages,1,1.0,42
European Region,Female,2008,825184941.8881654,82.0752474307838,618.7057065710549,1.9881696548561436,4.289878895785139,-0.22897663980611843,European Region,,,All ages,1,1.0,42
European Region,Both,2008,1667040286.6427584,88.29568195065326,647.5362493313926,5.09869027681453,9.734197177230044,0.10132672688646978,European Region,,,All ages,1,1.0,42
European Region,Male,2009,849941548.8077137,98.0454487618377,668.0294446642667,7.980378386043701,15.478394213506887,0.4318108101959498,European Region,,,All ages,1,1.0,42
European Region,Female,2009,833111023.088749,80.46682372728928,623.68654393318,2.048274834025645,4.285283117622545,-0.23311359068819254,European Region,,,All ages,1,1.0,42
European Region,Both,2009,1683052571.896463,88.75657443518399,659.8659526972597,5.089568669072319,9.779339397517301,0.11012759545370358,European Region,,,All ages,1,1.0,42
European Region,Male,2010,858115199.2906028,98.27551573526267,695.2692974621801,7.985749422711047,15.294117604204944,0.45821038633855754,European Region,,,All ages,1,1.0,42
European Region,Female,2010,841122819.1066306,77.52155455829306,627.0345007002489,2.026368706707681,4.342314527667396,-0.24309899838032842,European Region,,,All ages,1,1.0,42
European Region,Both,2010,1699238018.3972335,86.42892654159046,664.0137426285438,5.065098586732169,9.946314657612607,0.10024947353094794,European Region,,,All ages,1,1.0,42
European Region,Male,2011,866377329.3802834,97.71101626913583,702.5073736393165,7.991248656102488,14.943074559156791,0.4447488532171122,European Region,,,All ages,1,1.0,42
European Region,Female,2011,849221342.6598818,79.73002104801455,625.2787209812058,2.000306005738574,4.388026610354514,-0.23264041558900728,European Region,,,All ages,1,1.0,42
European Region,Both,2011,1715598672.040165,88.57962995420375,664.994929665836,5.100172140924154,10.090854661497684,0.12480390878542709,European Region,,,All ages,1,1.0,42
European Region,Male,2012,874728985.2971354,97.34918452343533,714.4347258240899,7.9327383225328685,15.014421584824353,0.44031629474161094,European Region,,,All ages,1,1.0,42
European Region,Female,2012,857407619.2516475,81.45003826823562,633.997687100456,2.0709953322843764,4.368909765744306,-0.21847095080121817,European Region,,,All ages,1,1.0,42
European Region,Both,2012,1732136604.5487828,89.43951656229335,673.6640085778326,5.145558721469096,9.819214667693714,0.12316498532266015,European Region,,,All ages,1,1.0,42
European Region,Male,2013,883171226.4781499,98.32425983260401,672.3972991830173,8.130316758650185,15.494303883165852,0.44799199885344454,European Region,,,All ages,1,1.0,42
European Region,Female,2013,865682687.3399684,80.1672931884866,643.2777515229575,2.013182966272141,4.38024897163117,-0.21816688053320618,European Region,,,All ages,1,1.0,42
European Region,Both,2013,1748853913.818118,90.38395202363834,667.6729194348134,5.078736976080545,10.000896330716083,0.12628252367197634,European Region,,,All ages,1,1.0,42
European Region,Male,2014,891705125.7525775,97.67371273559499,698.0987582378302,8.166273122844377,15.61440828347039,0.4719921894572546,European Region,,,All ages,1,1.0,42
European Region,Female,2014,874047598.5099523,83.19809135486919,635.2455456786691,2.091223798860827,4.438105184256438,-0.2059102300265898,European Region,,,All ages,1,1.0,42
European Region,Both,2014,1765752724.2625299,89.92800521018448,674.0881183333264,4.835212920800997,9.523465830579534,0.103781741424963,European Region,,,All ages,1,1.0,42
European Region,Male,2015,900331769.5200088,98.83262688816728,705.0923712814612,8.340254958709464,15.463169229586525,0.4718487866454395,European Region,,,All ages,1,1.0,42
European Region,Female,2015,882503417.6483254,81.54818052139814,636.8081292260242,2.1134189006447417,4.580203705248139,-0.20908298517511473,European Region,,,All ages,1,1.0,42
European Region,Both,2015,1782835187.1683342,90.4485069459122,648.0068342881242,5.175511727912125,10.041023763886905,0.12342730096401147,European Region,,,All ages,1,1.0,42
European Region,Male,2016,909052257.9309165,98.94358856482461,705.4448661302101,8.19684744666384,15.634406840859903,0.48169162292490153,European Region,,,All ages,1,1.0,42
European Region,Female,2016,891051223.1204034,81.4532853314806,638.831663409724,2.0698890932270038,4.40334513067811,-0.21396425748316156,European Region,,,All ages,1,1.0,42
European Region,Both,2016,1800103481.05132,91.46075223118176,678.5827005513822,5.104312225507244,9.9838309179243,0.14328277956405733,European Region,,,All ages,1,1.0,42
European Region,Male,2017,917867705.069701,99.47808747769461,718.0645300613087,8.18220452625117,15.564352176256824,0.5028139899830388,European Region,,,All ages,1,1.0,42
European Region,Female,2017,899692106.9495088,79.74789751474603,643.3902074574252,2.088745921189469,4.242356518524423,-0.22172810666328618,European Region,,,All ages,1,1.0,42
European Region,Both,2017,1817559812.0192094,90.03626981426025,672.0435046685133,5.135521234862709,10.014540350509835,0.1355711160915318,European Region,,,All ages,1,1.0,42
European Region,Male,2018,926779239.1402669,100.44508464629168,736.1010690807193,8.051520000246084,15.756380381386233,0.5025658547071692,European Region,,,All ages,1,1.0,42
European Region,Female,2018,908427174.9988754,82.52633944608907,634.575926450014,2.0947539274881164,4.403475603564474,-0.210794850367252,European Region,,,All ages,1,1.0,42
European Region,Both,2018,1835206414.1391423,91.58562701766844,675.6204867743099,5.188408331364218,9.928791265633915,0.1367362182931961,European Region,,,All ages,1,1.0,42
European Region,Male,2019,935788002.6541765,99.92254244035763,716.5632137004667,8.709820667021088,15.553170530964833,0.48711515693572854,European Region,,,All ages,1,1.0,42
European Region,Female,2019,917257547.1560739,83.00319831975794,617.5436090319315,2.1253169249768837,4.424771017965108,-0.2165775876540485,European Region,,,All ages,1,1.0,42
European Region,Both,2019,1853045549.8102508,92.16504562434781,685.3310587580537,5.0699192470979115,10.270732229081473,0.15657098309168752,European Region,,,All ages,1,1.0,42
European Region,Male,2020,944895152.6214079,100.6122698243907,703.0276246553144,8.270837753912911,15.724877770129954,0.48972593061260145,European Region,,,All ages,1,1.0,42
European Region,Female,2020,926184357.5199938,81.8612541753959,656.3835091691341,2.1651016950216477,4.462050696807766,-0.19498258381458683,European Region,,,All ages,1,1.0,42
European Region,Both,2020,1871079510.1414015,93.28223235522968,673.8314477597145,5.151080632452223,10.085786316074929,0.1561743508742761,European Region,,,All ages,1,1.0,42
European Region,Male,2021,954101860.743761,100.21366463376319,736.9598938142249,8.41786930095978,15.347129115068748,0.4977864552024861,European Region,,,All ages,1,1.0,42
European Region,Female,2021,935208754.5904192,82.81185289037582,652.2804767636229,2.1622133778169785,4.3945608712985615,-0.19424072253966995,European Region,,,All ages,1,1.0,42
European Region,Both,2021,1889310615.3341799,91.92960423004503,690.8783779230446,5.064493991557592,10.01160731003424,0.15133851941627405,European Region,,,All ages,1,1.0,42
European Region,Male,2022,963409313.6109469,99.64350446326804,720.8350287397603,8.161199653979951,15.533321552456536,0.49367009844099247,European Region,,,All ages,1,1.0,42
European Region,Female,2022,944331901.4602351,82.11712952961862,658.3387081432934,2.0780060762072474,4.527354082210015,-0.19185041244817738,European Region,,,All ages,1,1.0,42
European Region,Both,2022,1907741215.0711818,91.99965163833085,690.1992382919226,5.2978969433524234,9.907585338747964,0.1581472358073699,European Region,,,All ages,1,1.0,42
European Region,Male,2023,972818712.8993998,100.55301177367387,729.6994049398295,8.313169488361632,15.484568228754162,0.5078724368825002,European Region,,,All ages,1,1.0,42
European Region,Female,2023,953554976.0103028,80.80989243176326,657.6262694339717,2.1148353418897146,4.4946944971076865,-0.19906073343704359,European Region,,,All ages,1,1.0,42
European Region,Both,2023,1926373688.9097028,91.99502010764122,691.380700695637,5.351221622592369,10.24010455352679,0.1712434386896084,European Region,,,All ages,1,1.0,42
Region of the Americas,Male,2000,542404395.7838405,102.01753430634507,714.1615791471461,10.76866173746508,17.799184370463326,0.6695564913481966,Region of the Americas,,,All ages,1,1.0,42
Region of the Americas,Female,2000,531663714.6792101,83.81593953062999,654.1233793611974,1.967415690610764,4.024319083699319,-0.2080601151100894,Region of the Americas,,,All ages,1,1.0,42
Region of the Americas,Both,2000,1074068110.4630506,94.56085880195728,688.6962487992072,6.257353135787148,10.692417875017185,0.23236697632136244,Region of the Americas,,,All ages,1,1.0,42
Region of the Americas,Male,2001,547799621.1011766,101.78859549798565,735.4720766325037,10.847529870866826,17.82821306609553,0.6883078625294017,Region of the Americas,,,All ages,1,1.0,42
Region of the Americas,Female,2001,536952103.8516483,84.85381059996229,646.2410647730842,1.9372317479107963,3.9072269784852574,-0.21209301411957227,Region of the Americas,,,All ages,1,1.0,42
Region of the Americas,Both,2001,1084751724.9528248,93.52676138234483,691.3129191533982,6.440584939183553,10.755606941061483,0.23192059768028306,Region of the Americas,,,All ages,1,1.0,42
Region of the Americas,Male,2002,553264584.6363775,102.72868239901422,726.8174058873419,10.460704115112113,15.978766708922784,0.6053255304003817,Region of the Americas,,,All ages,1,1.0,42
Region of the Americas,Female,2002,542308850.2871423,84.66921773522564,658.2189818648266,1.9460743793872362,3.9230663996631634,-0.20481982785522362,Region of the Americas,,,All ages,1,1.0,42
Region of the Americas,Both,2002,1095573434.9235198,94.64300028294203,696.0128149931538,6.344317850508176,11.08343183314559,0.2491662199104673,Region of the Americas,,,All ages,1,1.0,42
Region of the Americas,Male,2003,558800314.4136888,102.81491650527524,725.4836060091304,9.909122096724742,18.405999160324722,0.6591315860369462,Region of the Americas,,,All ages,1,1.0,42
Region of the Americas,Female,2003,547734961.6530216,83.75250105393984,663.2566813273264,1.946084323924559,4.098841813096516,-0.19992983652021168,Region of the Americas,,,All ages,1,1.0,42
Region of the Americas,Both,2003,1106535276.0667102,93.69361113981758,701.682304901313,6.352368944971406,11.023900725084383,0.25111139875148764,Region of the Americas,,,All ages,1,1.0,42
Region of the Americas,Male,2004,564407855.3111757,103.51861613731548,726.4836017869176,10.51193375793814,14.745328412007348,0.5789642362758487,Region of the Americas,,,All ages,1,1.0,42
Region of the Americas,Female,2004,553231462.1366969,84.81691585674105,664.5094703484203,1.9588763927509276,3.936090828027202,-0.1994262088454046,Region of the Americas,,,All ages,1,1.0,42
Region of the Americas,Both,2004,1117639317.4478726,94.1510326096651,705.0862295347747,5.8070409006029085,11.024017807764007,0.23671752717079173,Region of the Americas,,,All ages,1,1.0,42
Region of the Americas,Male,2005,570088269.3609413,103.44184748622415,739.4758103589128,10.429102628664618,18.37696612026051,0.7044207939180092,Region of the Americas,,,All ages,1,1.0,42
Region of the Americas,Female,2005,558799392.7399325,84.7038957198541,658.3690206907896,1.9223139132864995,3.556433667477866,-0.2141121369492256,Region of the Americas,,,All ages,1,1.0,42
Region of the Americas,Both,2005,1128887662.1008737,91.36890908000414,705.9398008898573,6.20276157053264,10.808741035270907,0.2293363241605465,Region of the Americas,,,All ages,1,1.0,42
Region of the Americas,Male,2006,575842636.0550288,103.96502502559514,730.6749553175086,10.837837873169569,17.017925797625484,0.6560241570123692,Region of the Americas,,,All ages,1,1.0,42
Region of the Americas,Female,2006,564439811.5786916,84.44137420577357,669.2978924338277,1.9587950272442045,4.008061974407448,-0.1945899460632597,Region of the Americas,,,All ages,1,1.0,42
Region of the Americas,Both,2006,1140282447.6337204,93.75820704112758,700.4040458141249,6.530413585602396,11.3721856496928,0.25427357618755997,Region of the Americas,,,All ages,1,1.0,42
Region of the Americas,Male,2007,581672052.6571263,103.77212748800656,725.0207635265314,10.579108395334108,18.471268225768046,0.6907449548112038,Region of the Americas,,,All ages,1,1.0,42
Region of the Americas,Female,2007,570153794.1886683,85.11647583322691,674.7622870591598,1.9473606134469377,4.018593153979608,-0.18828034871949453,Region of the Americas,,,All ages,1,1.0,42
Region of the Americas,Both,2007,1151825846.8457944,94.52844851993088,680.2190254967159,6.22466782360797,11.199110630026741,0.23725905813175033,Region of the Americas,,,All ages,1,1.0,42
Region of the Americas,Male,2008,587577634.5201845,105.62204198447151,737.86713769547,10.415188178402522,17.911387994045928,0.675685012181963,Region of the Americas,,,All ages,1,1.0,42
Region of the Americas,Female,2008,575942433.8366165,84.37541700352938,665.0780470905001,1.948752480026199,4.014894337451678,-0.19820889580689674,Region of the Americas,,,All ages,1,1.0,42
Region of the Americas,Both,2008,1163520068.356801,95.84175511099214,700.6485937512343,6.15967282307907,10.049524066080135,0.21984858446117794,Region of the Americas,,,All ages,1,1.0,42
Region of the Americas,Male,2009,593560515.4100682,102.04544570496556,739.5333472496172,10.366875401733306,18.388053226280206,0.6972417436131274,Region of the Americas,,,All ages,1,1.0,42
Region of the Americas,Female,2009,581806841.8375915,85.91963216768097,662.9907084024595,1.933753968621185,4.00446795770272,-0.19413565244508704,Region of the Americas,,,All ages,1,1.0,42
Region of the Americas,Both,2009,1175367357.2476597,95.72809009817304,710.9378755731093,6.526567213371834,11.153093257623658,0.2648830781894479,Region of the Americas,,,All ages,1,1.0,42
Region of the Americas,Male,2010,599621847.8353562,105.8785560839633,744.9558236999503,10.416443351579026,18.669477156690203,0.7194917342168924,Region of the Americas,,,All ages,1,1.0,42
Region of the Americas,Female,2010,587748147.8782206,84.59724845514626,661.4131889720269,1.940248057718801,4.039829505255909,-0.19615748812324693,Region of the Americas,,,All ages,1,1.0,42
Region of the Americas,Both,2010,1187369995.7135768,97.37043902023298,706.1174583156891,6.171653199798335,11.240384408178024,0.27627268876087574,Region of the Americas,,,All ages,1,1.0,42
Region of the Americas,Male,2011,605762803.3834183,105.45901464540465,742.580246321976,10.436241312131859,18.263464114185357,0.7212499314258498,Region of the Americas,,,All ages,1,1.0,42
Region of the Americas,Female,2011,593767500.3461229,87.56921246035577,675.9325194775193,1.9526350165525654,3.8238953860131133,-0.1793985090646398,Region of the Americas,,,All ages,1,1.0,42
Region of the Americas,Both,2011,1199530303.7295413,96.81742893544903,696.9644111279259,6.21813475897354,11.407366904683915,0.2674689110876846,Region of the Americas,,,All ages,1,1.0,42
Region of the Americas,Male,2012,611984573.0628872,105.35369354119493,745.1768683686807,10.347099487129961,18.158487501968406,0.7015431401507934,Region of the Americas,,,All ages,1,1.0,42
Region of the Americas,Female,2012,599866066.6656023,85.45243581541375,666.9732927520406,1.9285621761468172,4.026787974861118,-0.19002863239458112,Region of the Americas,,,All ages,1,1.0,42
Region of the Americas,Both,2012,1211850639.7284894,96.60255705072306,709.9209510339581,6.268603742879345,11.280435593580211,0.2747511967902954,Region of the Americas,,,All ages,1,1.0,42
Region of the Americas,Male,2013,618288367.6526566,106.1309079742576,747.2700088528828,9.889776013321395,18.750188061570537,0.6959948052461438,Region of the Americas,,,All ages,1,1.0,42
Region of the Americas,Female,2013,606045033.6397325,87.77526758010757,675.804445867691,1.9438131172681925,4.035277731293298,-0.17430759020175593,Region of the Americas,,,All ages,1,1.0,42
Region of the Americas,Both,2013,1224333401.292389,93.81791081422296,709.2405176070608,6.3446741224168175,11.00556883439003,0.24806429527906165,Region of the Americas,,,All ages,1,1.0,42
Region of the Americas,Male,2014,624675418.0575339,106.06403740346688,749.0235487189464,10.371307371212463,18.43376133767759,0.7241629972350074,Region of the Americas,,,All ages,1,1.0,42
Region of the Americas,Female,2014,612305607.7989689,85.93917262691524,664.8830314825535,1.907883120785935,4.080919787651007,-0.19003149389836071,Region of the Americas,,,All ages,1,1.0,42
Region of the Americas,Both,2014,1236981025.856503,96.47729050230782,714.3848021681454,6.138335821996307,11.469508607725059,0.2700274063337024,Region of the Americas,,,All ages,1,1.0,42
Region of the Americas,Male,2015,631146975.6706805,105.92545975026403,750.5539655218538,10.481291652368588,19.273005348043924,0.7172177179173601,Region of the Americas,,,All ages,1,1.0,42
Region of the Americas,Female,2015,618649015.7564098,85.37863383746097,686.2229975207235,1.9463282348040125,4.087786549541175,-0.1765688509931089,Region of the Americas,,,All ages,1,1.0,42
Region of the Americas,Both,2015,1249795991.4270904,95.78931551598988,714.3569672622319,6.279347618535218,11.421514526396276,0.2764756180609768,Region of the Americas,,,All ages,1,1.0,42
Region of the Americas,Male,2016,637704312.7429721,105.65291663533905,759.482507309997,10.681955356978893,18.49256955360182,0.7278373526641626,Region of the Americas,,,All ages,1,1.0,42
Region of the Americas,Female,2016,625076504.5698441,88.9399002869359,681.2557468969035,1.9105449646642625,4.054018096831186,-0.16660004923804086,Region of the Americas,,,All ages,1,1.0,42
Region of the Americas,Both,2016,1262780817.3128164,97.88948938480767,706.7405054362812,6.322218551894428,11.453807902008709,0.2744409711068124,Region of the Americas,,,All ages,1,1.0,42
Region of the Americas,Male,2017,644348722.7594205,106.265774614139,745.2343543223824,10.15352336620912,18.864467596263616,0.7051841736033942,Region of the Americas,,,All ages,1,1.0,42
Region of the Americas,Female,2017,631589342.1107192,86.10303648121666,696.8091132340513,1.9621042802474091,4.04975305262258,-0.1675950297918137,Region of the Americas,,,All ages,1,1.0,42
Region of the Americas,Both,2017,1275938064.8701398,97.23556975924151,703.5844824073371,6.165673174736301,11.494541542450827,0.27640378535636967,Region of the Americas,,,All ages,1,1.0,42
Region of the Americas,Male,2018,651081520.8227943,106.36757456041795,752.6722694210644,10.417085219674272,18.690633635770222,0.7209667260999094,Region of the Americas,,,All ages,1,1.0,42
Region of the Americas,Female,2018,638188817.4401649,87.4641822393814,656.2926472839288,1.9772985651053805,3.674662644188575,-0.19403035832338936,Region of the Americas,,,All ages,1,1.0,42
Region of the Americas,Both,2018,1289270338.262959,98.84522140375404,710.6635018982104,6.122359502123112,11.407723710598496,0.2885888290566038,Region of the Americas,,,All ages,1,1.0,42
Region of the Americas,Male,2019,657904044.044584,107.7338272885677,775.6501507566836,10.294804597629172,19.068683194650387,0.7525746030913413,Region of the Americas,,,All ages,1,1.0,42
Region of the Americas,Female,2019,644876241.1922162,86.69241574443565,684.131747582216,1.9204871227221885,4.067735501758401,-0.17523098352182767,Region of the Americas,,,All ages,1,1.0,42
Region of the Americas,Both,2019,1302780285.2368002,99.73665915854936,728.6307160492352,6.573422599711395,11.121239799457005,0.28732152581175213,Region of the Americas,,,All ages,1,1.0,42
Region of the Americas,Male,2020,664817651.9434578,107.57416603996512,770.4351359073361,10.287554369700205,18.78692647608318,0.7511463407437262,Region of the Americas,,,All ages,1,1.0,42
Region of the Americas,Female,2020,651652945.9643794,88.6473839000281,685.6822621681649,1.927408257607984,4.049573367652411,-0.16500928773975043,Region of the Americas,,,All ages,1,1.0,42
Region of the Americas,Both,2020,1316470597.9078376,97.7337267068176,723.5269853373734,6.029373279212932,11.458868802882472,0.2909435010282539,Region of the Americas,,,All ages,1,1.0,42
Region of the Americas,Male,2021,671823726.851355,107.04308023039876,760.3866978997722,10.358194082553695,18.85182894676689,0.734141036798637,Region of the Americas,,,All ages,1,1.0,42
Region of the Americas,Female,2021,658520286.7156847,88.44433411282925,665.9567591467963,1.9105088146875944,4.081947237380195,-0.1777013923752316,Region of the Americas,,,All ages,1,1.0,42
Region of the Americas,Both,2021,1330344013.5670395,98.0656996668573,727.4812838425825,6.377846702104656,11.540750122117483,0.30021356771192936,Region of the Americas,,,All ages,1,1.0,42
Region of the Americas,Male,2022,678923674.3273727,107.04820210580111,763.9878596947622,9.811231676966283,18.494986960290365,0.6919176394022759,Region of the Americas,,,All ages,1,1.0,42
Region of the Americas,Female,2022,665479641.1723752,89.92608863480098,691.4759666897883,1.93157082196412,4.127196200781177,-0.1520348148835749,Region of the Americas,,,All ages,1,1.0,42
Region of the Americas,Both,2022,1344403315.4997478,98.47634937538952,731.770277983743,6.1782840647569035,11.01899135663576,0.28760195212953876,Region of the Americas,,,All ages,1,1.0,42
Region of the Americas,Male,2023,686118923.5796001,110.60946936446022,771.4377736702237,10.19964453504411,18.073382796240914,0.7243940236813864,Region of the Americas,,,All ages,1,1.0,42
Region of the Americas,Female,2023,672532410.2413902,88.83854826619509,699.0716806174073,1.8209819785156598,4.113512868491754,-0.15794604939380938,Region of the Americas,,,All ages,1,1.0,42
Region of the Americas,Both,2023,1358651333.82099,98.77841649542766,730.1074845612916,6.145172215286391,11.716186635019659,0.30516370820964983,Region of the Americas,,,All ages,1,1.0,42
Western Pacific Region,Male,2000,282661624.0343088,85.59810410759799,569.8226913098468,5.082510292154317,14.123817638754343,0.15639018844978247,Western Pacific Region,,,All ages,1,1.0,42
Western Pacific Region,Female,2000,277064364.15244126,67.37301093332422,523.1354152701285,0.9156767980309841,4.75765992080577,-0.40203533676630193,Western Pacific Region,,,All ages,1,1.0,42
Western Pacific Region,Both,2000,559725988.1867502,77.03380151391659,538.5637980189231,2.9850208292411944,9.431386245084814,-0.12862615900923507,Western Pacific Region,,,All ages,1,1.0,42
Western Pacific Region,Male,2001,285596996.9801564,84.86896017123976,566.7247292235261,5.245488687831742,13.13040894329241,0.11463269082169403,Western Pacific Region,,,All ages,1,1.0,42
Western Pacific Region,Female,2001,279941610.90134144,67.35190764297484,504.72472667117216,0.9106221796767741,4.747600892257214,-0.413039905671124,Western Pacific Region,,,All ages,1,1.0,42
Western Pacific Region,Both,2001,565538607.8814977,76.22016951046444,523.0837587267342,3.011156732942523,9.600138682444875,-0.1358616243469785,Western Pacific Region,,,All ages,1,1.0,42
Western Pacific Region,Male,2002,288563937.6587016,84.83254354992881,567.578359884555,5.108300702507912,14.666806395621347,0.1513527579779783,Western Pacific Region,,,All ages,1,1.0,42
Western Pacific Region,Female,2002,282849800.2793213,68.3787532986377,516.9512541318795,0.9398471855247776,4.806434567223341,-0.39142522229896826,Western Pacific Region,,,All ages,1,1.0,42
Western Pacific Region,Both,2002,571413737.938023,76.30622396082413,530.2584986093628,2.9941498464802967,9.428533826546161,-0.1322802723887225,Western Pacific Region,,,All ages,1,1.0,42
Western Pacific Region,Male,2003,291562797.2995358,88.4500949820025,565.8849533829595,5.1708351374195205,14.215900646041785,0.16231599543455685,Western Pacific Region,,,All ages,1,1.0,42
Western Pacific Region,Female,2003,285789276.5609312,67.83016186246763,503.06613706515026,0.9493953838465323,4.85285641167109,-0.40716741759797814,Western Pacific Region,,,All ages,1,1.0,42
Western Pacific Region,Both,2003,577352073.860467,76.59159857100228,549.86775816532,3.023026643133727,9.845918515942722,-0.11576124296671045,Western Pacific Region,,,All ages,1,1.0,42
Western Pacific Region,Male,2004,294593931.17715234,86.22096700513708,570.12090586726,5.060678558178021,14.223470171132869,0.16426403000076878,Western Pacific Region,,,All ages,1,1.0,42
Western Pacific Region,Female,2004,288760387.98552555,67.77065249582779,513.4442455686391,0.9159441633055299,5.013903792015041,-0.4033685647083757,Western Pacific Region,,,All ages,1,1.0,42
Western Pacific Region,Both,2004,583354319.1626781,75.37747046451135,547.1584493863371,3.044803033278299,9.888947805681438,-0.11506036698222781,Western Pacific Region,,,All ages,1,1.0,42
Western Pacific Region,Male,2005,297657698.6592322,86.64631710877762,571.6516125316997,5.106669547395754,14.063389378129406,0.15622125787012933,Western Pacific Region,,,All ages,1,1.0,42
Western Pacific Region,Female,2005,291763486.8045939,68.3748982927899,519.4699150605157,0.9137849073058812,4.881249442593775,-0.39420167957339997,Western Pacific Region,,,All ages,1,1.0,42
Western Pacific Region,Both,2005,589421185.4638263,76.35835591012837,541.6043077369195,3.0049542515643513,9.712897668305214,-0.11910158776581113,Western Pacific Region,,,All ages,1,1.0,42
Western Pacific Region,Male,2006,300754463.2555295,80.95990782832259,566.219607120394,5.135563121170036,14.1881135225297,0.14727152632272653,Western Pacific Region,,,All ages,1,1.0,42
Western Pacific Region,Female,2006,294798929.32967746,68.45254230804855,507.01174612380214,0.8831477479650224,4.901895619515699,-0.3945663118540284,Western Pacific Region,,,All ages,1,1.0,42
Western Pacific Region,Both,2006,595553392.5852067,78.80372848062949,558.5379400581232,3.0091401115903325,9.751502854570104,-0.09583235332087882,Western Pacific Region,,,All ages,1,1.0,42
Western Pacific Region,Male,2007,303884592.6673621,86.0860688245592,571.4677542076198,5.187801249991978,14.479866796607157,0.17072040930479535,Western Pacific Region,,,All ages,1,1.0,42
Western Pacific Region,Female,2007,297867075.9808796,69.2765444059026,516.4151449088654,0.9568398082043131,4.910225956523751,-0.385281414568278,Western Pacific Region,,,All ages,1,1.0,42
Western Pacific Region,Both,2007,601751668.6482419,76.10072471287347,544.434115078368,3.051546327951231,9.588942285440018,-0.1251600515954182,Western Pacific Region,,,All ages,1,1.0,42
Western Pacific Region,Male,2008,307048458.83771694,86.30884181684793,572.0423459671802,5.220712423841643,14.715934579088508,0.17068829357849805,Western Pacific Region,,,All ages,1,1.0,42
Western Pacific Region,Female,2008,300968291.33598006,68.79088082185304,523.7855125938387,0.9181447077239153,4.911153718448635,-0.39261304322366875,Western Pacific Region,,,All ages,1,1.0,42
Western Pacific Region,Both,2008,608016750.1736969,78.04011866179243,553.2285825307681,3.252015633077389,9.734220851074294,-0.0929771756771313,Western Pacific Region,,,All ages,1,1.0,42
Western Pacific Region,Male,2009,310246438.0019774,86.0344089345784,578.0708149544573,5.284835706757763,14.828845053049983,0.18282797623169914,Western Pacific Region,,,All ages,1,1.0,42
Western Pacific Region,Female,2009,304102944.18015593,69.07751707683089,519.2806057956279,0.9321051656073545,4.9068297261733,-0.3898623517636135,Western Pacific Region,,,All ages,1,1.0,42
Western Pacific Region,Both,2009,614349382.1821332,77.73997362451865,549.7635179048754,3.1391429238270048,9.927791399623855,-0.09686336544237537,Western Pacific Region,,,All ages,1,1.0,42
Western Pacific Region,Male,2010,313478910.7392793,85.73839989603756,583.8073214114861,4.419991644747003,14.596923174476453,0.15309294642272614,Western Pacific Region,,,All ages,1,1.0,42
Western Pacific Region,Female,2010,307271407.55632335,67.72331522838445,523.4520458647161,0.9903496958469543,4.984322072572206,-0.38567400250778067,Western Pacific Region,,,All ages,1,1.0,42
Western Pacific Region,Both,2010,620750318.2956029,74.51366390777221,522.5023375343261,2.7990210140276086,10.055116831716646,-0.13359763267927452,Western Pacific Region,,,All ages,1,1.0,42
Western Pacific Region,Male,2011,316746262.0245077,83.08203559209414,580.5711558305474,5.297221565878813,14.568354066674784,0.17138291205424708,Western Pacific Region,,,All ages,1,1.0,42
Western Pacific Region,Female,2011,310474058.81610173,70.51209255498006,513.8340853164884,0.9570496149356685,5.030197970882004,-0.37806551415342504,Western Pacific Region,,,All ages,1,1.0,42
Western Pacific Region,Both,2011,627220320.8406094,78.24400784042744,542.1772345701662,2.1320523283721604,9.872496485475711,-0.1430968940519187,Western Pacific Region,,,All ages,1,1.0,42
Western Pacific Region,Male,2012,320048881.28093654,86.55074033988721,578.2790422293039,5.233193462661929,15.1019201664976,0.18668583370740421,Western Pacific Region,,,All ages,1,1.0,42
Western Pacific Region,Female,2012,313711279.671413,69.4905360106553,519.805702921262,0.9380018265547341,5.011212410250964,-0.37958821308116686,Western Pacific Region,,,All ages,1,1.0,42
Western Pacific Region,Both,2012,633760160.9523498,76.26786753540742,565.567069789965,3.0426283215919785,10.014214118887443,-0.09188353315577115,Western Pacific Region,,,All ages,1,1.0,42
Western Pacific Region,Male,2013,323387162.43352574,86.0130263804711,584.709060640677,5.00885460928507,14.784789783068717,0.18442616445616086,Western Pacific Region,,,All ages,1,1.0,42
Western Pacific Region,Female,2013,316983456.2467233,69.43538797422845,521.7069257726877,0.9128586784200434,5.064095638237542,-0.3824247842213258,Western Pacific Region,,,All ages,1,1.0,42
Western Pacific Region,Both,2013,640370618.680249,78.65681839221304,551.6479974348227,2.651329665471341,9.958424442178021,-0.11111790425215151,Western Pacific Region,,,All ages,1,1.0,42
Western Pacific Region,Male,2014,326761503.9628803,87.47239708637619,562.1772441288584,5.0847445320900215,14.857287984351906,0.18245087933183754,Western Pacific Region,,,All ages,1,1.0,42
Western Pacific Region,Female,2014,320290979.1319322,71.14332795832338,521.5259926080552,0.9489281195137972,4.988514105272948,-0.3717714879415458,Western Pacific Region,,,All ages,1,1.0,42
Western Pacific Region,Both,2014,647052483.0948128,78.67582378355758,559.9524291290928,3.1089097209583816,9.944080364263746,-0.08230881420099512,Western Pacific Region,,,All ages,1,1.0,42
Western Pacific Region,Male,2015,330172308.95988154,87.09782504689818,572.2682890551675,5.265195546846284,15.183288042993324,0.19558471523418072,Western Pacific Region,,,All ages,1,1.0,42
Western Pacific Region,Female,2015,323634243.4359235,70.33030567191196,520.2281924985438,0.9400929647415103,5.091340983367217,-0.3755009681486107,Western Pacific Region,,,All ages,1,1.0,42
Western Pacific Region,Both,2015,653806552.395805,78.26195543582618,554.8306205366388,3.313148038841275,10.039273389250717,-0.0814663070740208,Western Pacific Region,,,All ages,1,1.0,42
Western Pacific Region,Male,2016,333619985.1809979,88.17433728749408,587.0262699267828,5.212845223793302,15.058081259974983,0.20729025139087837,Western Pacific Region,,,All ages,1,1.0,42
Western Pacific Region,Female,2016,327013648.8407801,70.2487309336983,526.5759667212259,0.9271041960672567,5.153915076931557,-0.3752422361640947,Western Pacific Region,,,All ages,1,1.0,42
Western Pacific Region,Both,2016,660633634.0217781,79.24583974733495,556.2875421853913,3.185652852173281,10.545232044742523,-0.0786239656108409,Western Pacific Region,,,All ages,1,1.0,42
Western Pacific Region,Male,2017,337104945.1042861,87.69861481868517,582.8558177273751,5.172961237906043,15.352800186878083,0.19597861780309297,Western Pacific Region,,,All ages,1,1.0,42
Western Pacific Region,Female,2017,330429599.6566764,70.22957223155373,513.9924672918492,0.9348336733279656,5.122456104938631,-0.37476301263969936,Western Pacific Region,,,All ages,1,1.0,42
Western Pacific Region,Both,2017,667534544.7609625,79.68556330820215,561.6810715482573,2.6839330791480234,10.368597105985922,-0.08564209739058964,Western Pacific Region,,,All ages,1,1.0,42
Western Pacific Region,Male,2018,340627605.98608977,88.34124404305908,574.4872770723517,5.170821114758574,15.435553647694661,0.20265498899967324,Western Pacific Region,,,All ages,1,1.0,42
Western Pacific Region,Female,2018,333882504.8774544,70.85233523411853,532.5266267840855,0.9494591844388832,5.374191961047083,-0.35890437166458017,Western Pacific Region,,,All ages,1,1.0,42
Western Pacific Region,Both,2018,674510110.8635443,79.60096268435068,572.1271335186025,3.1079092530461097,10.126052584268562,-0.06739207648061592,Western Pacific Region,,,All ages,1,1.0,42
Western Pacific Region,Male,2019,344188389.91844565,89.94287191653265,582.3299609914725,5.252563235223499,13.989354952978179,0.17902103656221294,Western Pacific Region,,,All ages,1,1.0,42
Western Pacific Region,Female,2019,337372778.2368924,70.63463764440252,535.1302162274362,0.9267418240532846,5.411647231165788,-0.3622408735565559,Western Pacific Region,,,All ages,1,1.0,42
Western Pacific Region,Both,2019,681561168.1553382,80.1341642119218,563.0080537996784,3.1602263978183345,10.390208536070844,-0.06395256701385534,Western Pacific Region,,,All ages,1,1.0,42
Western Pacific Region,Male,2020,347787723.8872056,89.39392609218098,591.1912985854412,5.208295156219181,15.180581855468445,0.21213517840661258,Western Pacific Region,,,All ages,1,1.0,42
Western Pacific Region,Female,2020,340900838.26567686,69.52001232929406,541.9780824906554,0.9188785995996541,5.222064437317433,-0.3604769521451063,Western Pacific Region,,,All ages,1,1.0,42
Western Pacific Region,Both,2020,688688562.1528825,80.2505862873646,561.8079632841668,3.081487614808026,10.223700278651975,-0.06911332678557724,Western Pacific Region,,,All ages,1,1.0,42
Western Pacific Region,Male,2021,351426039.8308847,87.01105165279888,595.496938005245,5.320399562676765,15.38686645916173,0.2148786806301081,Western Pacific Region,,,All ages,1,1.0,42
Western Pacific Region,Female,2021,344467108.349085,70.79776041685182,537.4856965218229,0.9492879767249914,5.217118579333729,-0.3600688586984976,Western Pacific Region,,,All ages,1,1.0,42
Western Pacific Region,Both,2021,695893148.1799693,81.77460256701383,583.6386422021266,3.1869365855455887,10.29341230460051,-0.036977665800468205,Western Pacific Region,,,All ages,1,1.0,42
Western Pacific Region,Male,2022,355103774.7002445,90.1142228976643,572.5460171962496,5.225700092747128,15.313113146545051,0.2289447762734354,Western Pacific Region,,,All ages,1,1.0,42
Western Pacific Region,Female,2022,348072016.7853883,72.7711794835863,535.9647622669776,0.9367239174903023,5.298894529522819,-0.35020527954000547,Western Pacific Region,,,All ages,1,1.0,42
Western Pacific Region,Both,2022,703175791.4856329,77.87489381464736,567.7106077861825,3.155889688238244,8.985035954665808,-0.1096501112730386,Western Pacific Region,,,All ages,1,1.0,42
Western Pacific Region,Male,2023,358821370.51862097,89.05781765294576,592.7582509974654,5.193143171790145,15.427631024465818,0.22831420664094057,Western Pacific Region,,,All ages,1,1.0,42
Western Pacific Region,Female,2023,351715996.8449849,70.94506341798746,530.4723716991145,0.9545071680757437,5.272421939089643,-0.3570640894483893,Western Pacific Region,,,All ages,1,1.0,42
Western Pacific Region,Both,2023,710537367.3636059,79.72763905321125,551.0348917497596,3.1483191534272357,10.424260886176496,-0.06892948716627001,Western Pacific Region,,,All ages,1,1.0,42
South-East Asia Region,Male,2000,182459776.50740775,77.36224404666797,552.4755880390492,3.4269740124567587,11.72135084416282,-0.030742913161904133,South-East Asia Region,,,All ages,1,1.0,42
South-East Asia Region,Female,2000,178846711.62607297,63.150256022467964,493.007951923269,0.42006170703048734,5.325594991406239,-0.45278698380893134,South-East Asia Region,,,All ages,1,1.0,42
South-East Asia Region,Both,2000,361306488.1334807,70.23747278804187,519.7360620721317,1.9455125831474225,8.555451697048312,-0.24274691693463768,South-East Asia Region,,,All ages,1,1.0,42
South-East Asia Region,Male,2001,183910640.2892478,75.69234596370256,544.7267504870903,3.422444572040138,11.739648438014425,-0.04377295862590978,South-East Asia Region,,,All ages,1,1.0,42
South-East Asia Region,Female,2001,180268845.43203497,63.87298174642173,494.7753523773989,0.4087835443071125,5.331870206141648,-0.44955081898791427,South-East Asia Region,,,All ages,1,1.0,42
South-East Asia Region,Both,2001,364179485.7212828,69.78865786347838,521.3346716577827,1.946354118953387,8.567798213237399,-0.24161032955320091,South-East Asia Region,,,All ages,1,1.0,42
South-East Asia Region,Male,2002,185374502.20451617,70.31963839295598,553.57593933337,3.4718467655073617,11.734250494500133,-0.04486865329127879,South-East Asia Region,,,All ages,1,1.0,42
South-East Asia Region,Female,2002,181703719.98264453,57.415367362385595,495.86850275036176,0.42871199108416824,5.347079657179899,-0.4362290996220702,South-East Asia Region,,,All ages,1,1.0,42
South-East Asia Region,Both,2002,367078222.18716073,70.4810373700435,523.0698386350209,1.9557609941575373,8.61774661396076,-0.23829813047091628,South-East Asia Region,,,All ages,1,1.0,42
South-East Asia Region,Male,2003,186851489.57945344,75.28650637298851,554.2165024102474,3.491023628862744,11.779403508268677,-0.03348590611646739,South-East Asia Region,,,All ages,1,1.0,42
South-East Asia Region,Female,2003,183151460.08283058,69.12203080955747,489.38848067226377,0.4288111353223129,5.343214027980308,-0.40049794979295417,South-East Asia Region,,,All ages,1,1.0,42
South-East Asia Region,Both,2003,370002949.662284,71.33722056426039,548.5123405106749,1.9689671756620573,9.309753926282605,-0.21359303850623468,South-East Asia Region,,,All ages,1,1.0,42
South-East Asia Region,Male,2004,188341731.06295833,79.28843599962414,546.4397420109846,3.8044293154291693,9.268047330292061,-0.10703938874567158,South-East Asia Region,,,All ages,1,1.0,42
South-East Asia Region,Female,2004,184612191.83398885,63.72505389825161,500.0834390643395,0.4272478369877342,5.3551820453431445,-0.44373130914948783,South-East Asia Region,,,All ages,1,1.0,42
South-East Asia Region,Both,2004,372953922.89694715,68.26526897210869,526.9894031712312,2.131557592586498,8.558401172818362,-0.2277941672819189,South-East Asia Region,,,All ages,1,1.0,42
South-East Asia Region,Male,2005,189845356.6408396,75.99085988522644,573.4196789287826,3.5100885640090413,12.03598625291036,-0.013661222826118598,South-East Asia Region,,,All ages,1,1.0,42
South-East Asia Region,Female,2005,186086042.64795166,65.08418340656483,519.3284765026822,0.428704525566127,5.390112927403735,-0.41912341131168057,South-East Asia Region,,,All ages,1,1.0,42
South-East Asia Region,Both,2005,375931399.2887913,71.47644257537452,533.7148959037914,1.984803464979799,8.615606937560559,-0.22395042306971719,South-East Asia Region,,,All ages,1,1.0,42
South-East Asia Region,Male,2006,191362497.6502244,78.46163524996939,559.2051882792357,3.5221473729959234,11.838539234240546,-0.01622396735898797,South-East Asia Region,,,All ages,1,1.0,42
South-East Asia Region,Female,2006,187573141.26111102,65.19612287670913,504.1145399587609,0.43080997680372524,5.378604141338164,-0.42167406144379355,South-East Asia Region,,,All ages,1,1.0,42
South-East Asia Region,Both,2006,378935638.9113354,72.33650969437164,536.1623152853347,2.0738190998230257,8.731716563937939,-0.20917035483423127,South-East Asia Region,,,All ages,1,1.0,42
South-East Asia Region,Male,2007,192893286.7941261,78.69095505440036,583.7162780618225,3.1183986503978325,12.043270595473697,-0.013016305709363902,South-East Asia Region,,,All ages,1,1.0,42
South-East Asia Region,Female,2007,189073617.74869785,65.08465756337866,492.06187271186985,0.44304753768523086,5.391563972762437,-0.4352026411057758,South-East Asia Region,,,All ages,1,1.0,42
South-East Asia Region,Both,2007,381966904.5428239,72.27332730301099,553.4817529095197,1.9955915454556317,6.766263009487799,-0.2619697501772434,South-East Asia Region,,,All ages,1,1.0,42
South-East Asia Region,Male,2008,194437858.1561725,79.4140248527628,563.7949149349262,3.1366430780460908,11.357619381006502,-0.03929720805659502,South-East Asia Region,,,All ages,1,1.0,42
South-East Asia Region,Female,2008,190587603.5392186,65.22438288468518,465.6365322369242,0.434341938463448,5.385061528676009,-0.43899884064718186,South-East Asia Region,,,All ages,1,1.0,42
South-East Asia Region,Both,2008,385025461.6953912,72.02093322510112,534.3913731010751,2.0206404520673806,8.773077751032234,-0.21429478326297577,South-East Asia Region,,,All ages,1,1.0,42
South-East Asia Region,Male,2009,195996347.2154968,79.58591357874553,565.2665303652461,3.5777468699053014,11.906707478064744,-0.0011591784170872546,South-East Asia Region,,,All ages,1,1.0,42
South-East Asia Region,Female,2009,192115231.42905134,68.6272891223122,508.19419187119047,0.46578807688077317,5.392463673475069,-0.3885666033934516,South-East Asia Region,,,All ages,1,1.0,42
South-East Asia Region,Both,2009,388111578.6445482,74.12477814382909,519.3620458903822,2.0222442822184417,9.03999674479117,-0.19970240655350097,South-East Asia Region,,,All ages,1,1.0,42
South-East Asia Region,Male,2010,197568890.8617924,79.61816944511409,569.5011517934348,3.5893396788288805,11.99832240582426,0.003854252769563904,South-East Asia Region,,,All ages,1,1.0,42
South-East Asia Region,Female,2010,193656635.59720242,66.85508039128668,510.7419151962388,0.4443157843480426,5.399570703361651,-0.3966713794771117,South-East Asia Region,,,All ages,1,1.0,42
South-East Asia Region,Both,2010,391225526.45899487,73.40011870223013,535.1791918838419,2.2127401500420465,8.713974918999716,-0.2011851810037363,South-East Asia Region,,,All ages,1,1.0,42
South-East Asia Region,Male,2011,199155627.41053456,80.14131332911806,566.3316954409692,3.6047915873544434,12.59338545879174,0.0019566088445620014,South-East Asia Region,,,All ages,1,1.0,42
South-East Asia Region,Female,2011,195211951.62022695,65.17469392250383,506.7110406288471,0.43899363344057096,5.598287554137125,-0.42583454765106427,South-East Asia Region,,,All ages,1,1.0,42
South-East Asia Region,Both,2011,394367579.0307615,70.93702279499094,539.5722238882207,2.037721600167077,8.696006517778104,-0.2170870154956909,South-East Asia Region,,,All ages,1,1.0,42
South-East Asia Region,Male,2012,200756696.61836955,80.2054047142478,570.2177554275002,3.6234494255901613,11.919344817997835,0.008631311591625624,South-East Asia Region,,,All ages,1,1.0,42
South-East Asia Region,Female,2012,196781316.4873127,66.2062356737017,514.4840364912179,0.44101250319614144,5.396426829864513,-0.4222453840303539,South-East Asia Region,,,All ages,1,1.0,42
South-East Asia Region,Both,2012,397538013.1056822,72.4303390722875,541.1818335484865,2.048143149005122,8.703407751609346,-0.20485812007866291,South-East Asia Region,,,All ages,1,1.0,42
South-East Asia Region,Male,2013,202372239.69867373,80.01368404317265,571.5839456913922,3.7673063413454515,11.605439377000986,0.000791186320115504,South-East Asia Region,,,All ages,1,1.0,42
South-East Asia Region,Female,2013,198364868.61553168,66.39684209926169,515.6858871078504,0.46598478606279836,4.182982921058817,-0.43416108973709977,South-East Asia Region,,,All ages,1,1.0,42
South-East Asia Region,Both,2013,400737108.31420535,73.3860037848921,543.5142102647286,2.041762196515601,8.621830324693764,-0.20942290467692065,South-East Asia Region,,,All ages,1,1.0,42
South-East Asia Region,Male,2014,204002399.33728495,81.35979158530748,568.7628496092503,4.069148599354736,12.005904492433059,0.02443164466194204,South-East Asia Region,,,All ages,1,1.0,42
South-East Asia Region,Female,2014,199962747.86525953,66.54450035576785,510.49616421704025,0.4445454478195972,5.4464977614413845,-0.4187978558266542,South-East Asia Region,,,All ages,1,1.0,42
South-East Asia Region,Both,2014,403965147.2025445,78.62498156331228,545.5657420116028,2.099122735363953,8.748174790236838,-0.16645593285226015,South-East Asia Region,,,All ages,1,1.0,42
South-East Asia Region,Male,2015,205647319.70840713,81.08412185501808,568.6157328898782,3.684388585082968,12.049480674931198,0.014397148817026582,South-East Asia Region,,,All ages,1,1.0,42
South-East Asia Region,Female,2015,201575095.55576542,66.93786876412328,525.1034318229807,0.4474066798352138,5.625842877883709,-0.39975197423140185,South-East Asia Region,,,All ages,1,1.0,42
South-East Asia Region,Both,2015,407222415.2641725,73.25084671626284,569.6588118738413,2.07774014266909,8.762741392700947,-0.17874476974873213,South-East Asia Region,,,All ages,1,1.0,42
South-East Asia Region,Male,2016,207307146.49069056,81.01916450629886,562.9493503990683,2.7152294539258706,12.021023624914294,-0.027804467037884948,South-East Asia Region,,,All ages,1,1.0,42
South-East Asia Region,Female,2016,203202054.48097393,66.96879855678203,521.2792311374924,0.4483055480210747,5.526716064335841,-0.4103440391235944,South-East Asia Region,,,All ages,1,1.0,42
South-East Asia Region,Both,2016,410509200.97166455,72.48963258989178,548.8147891938245,2.084112634638472,8.874919382488942,-0.19660407022509815,South-East Asia Region,,,All ages,1,1.0,42
South-East Asia Region,Male,2017,208982026.88349038,81.61752412827772,611.3609538869332,3.7649126009856895,12.052923594209908,0.05301732755360126,South-East Asia Region,,,All ages,1,1.0,42
South-East Asia Region,Female,2017,204843768.92540145,67.52475461943934,525.8769485260083,0.40776253506156257,5.452746709699486,-0.3965000498652676,South-East Asia Region,,,All ages,1,1.0,42
South-East Asia Region,Both,2017,413825795.8088919,74.27044681102097,544.3989761792179,2.096546750881548,8.327820968816845,-0.20146272085497624,South-East Asia Region,,,All ages,1,1.0,42
South-East Asia Region,Male,2018,210672109.62330407,82.02980942978617,579.2439340463449,3.7865029590249013,12.071950289789756,0.03069504138241079,South-East Asia Region,,,All ages,1,1.0,42
South-East Asia Region,Female,2018,206500384.68026832,67.64067632217238,523.3914726606914,0.4516322791336361,5.461349417044074,-0.3998688237185444,South-East Asia Region,,,All ages,1,1.0,42
South-East Asia Region,Both,2018,417172494.3035724,77.80572649313612,570.8670259781511,2.1057142565884304,8.739057146883122,-0.15535345651200347,South-East Asia Region,,,All ages,1,1.0,42
South-East Asia Region,Male,2019,212377545.0003911,80.68670582886051,581.7536901796228,3.7420712332390638,12.152398438535542,0.0272996142256992,South-East Asia Region,,,All ages,1,1.0,42
South-East Asia Region,Female,2019,208172049.05978927,67.48723643676196,533.6409658573326,0.4609771663921908,5.470733992723873,-0.3873231855280246,South-East Asia Region,,,All ages,1,1.0,42
South-East Asia Region,Both,2019,420549594.0601804,74.71846997876894,557.305473801088,2.310310460033161,6.893076620455689,-0.23531640103704005,South-East Asia Region,,,All ages,1,1.0,42
South-East Asia Region,Male,2020,214098484.87557596,82.57779397033094,583.0545304789385,3.788788736818406,12.26487845081298,0.03883424648710123,South-East Asia Region,,,All ages,1,1.0,42
South-East Asia Region,Female,2020,209858910.9176438,68.26302141885243,517.4434570758305,0.4605687761514079,5.485870801567416,-0.39910910226848867,South-East Asia Region,,,All ages,1,1.0,42
South-East Asia Region,Both,2020,423957395.7932197,75.27456994393111,556.3287983730825,2.1255642237724888,8.724904669861786,-0.17830783520120458,South-East Asia Region,,,All ages,1,1.0,42
South-East Asia Region,Male,2021,215835082.6972372,82.19304457344074,579.754444611297,4.234334012500526,11.598402596745887,0.02214189270307092,South-East Asia Region,,,All ages,1,1.0,42
South-East Asia Region,Female,2021,211561120.66362855,67.79498270051556,529.3160754717161,0.45697415750248105,5.494808984971401,-0.40111375219692746,South-East Asia Region,,,All ages,1,1.0,42
South-East Asia Region,Both,2021,427396203.36086565,75.93593161641037,557.9136423087991,1.6166295873866638,8.82957362327788,-0.19575946453855889,South-East Asia Region,,,All ages,1,1.0,42
South-East Asia Region,Male,2022,217587493.51848397,82.25663701460421,586.7036611018949,3.8508580748768866,12.124344622366925,0.04167184310866013,South-East Asia Region,,,All ages,1,1.0,42
South-East Asia Region,Female,2022,213278830.2804942,68.0950797454726,532.2466359878617,0.45534380945769415,5.487875007659218,-0.3929830764279635,South-East Asia Region,,,All ages,1,1.0,42
South-East Asia Region,Both,2022,430866323.79897815,75.25108280946476,559.451201806165,2.1483610757908864,8.842075983979536,-0.17595017887354783,South-East Asia Region,,,All ages,1,1.0,42
South-East Asia Region,Male,2023,219355874.01452306,82.74496451595141,589.0867530792887,3.8089938481439813,12.148665975670646,0.04646771130074091,South-East Asia Region,,,All ages,1,1.0,42
South-East Asia Region,Female,2023,215012193.34096813,73.0727859792575,558.0376205113548,0.46134845103003963,5.497525098707643,-0.3415445883322007,South-East Asia Region,,,All ages,1,1.0,42
South-East Asia Region,Both,2023,434368067.3554912,76.06835794883455,528.8729503105371,2.1862095399366717,8.808887147350317,-0.1846762987277704,South-East Asia Region,,,All ages,1,1.0,42
