iso3,location_name,region_name,income_group,sex_name,year,population,suicide_rate,depression_dalys_rate,addiction_death_rate,selfharm_death_rate,risk_index,age_name,is_synthetic,generator_version,seed,cluster,cluster_label
AFG,Afghanistan,Eastern Mediterranean Region,LI,Both,2023,10981395.791110642,117.05708491986022,931.7053351551208,0.7299672970964951,2.578073668656858,0.0451925720454616,All ages,1,1.0,42,2,Cluster C
AGO,Angola,African Region,LMI,Both,2023,38668144.11644002,159.29147367709132,1183.3690619433603,2.9293998732269344,14.078262893228576,0.8350981447572199,All ages,1,1.0,42,2,Cluster C
ALB,Albania,European Region,UMI,Both,2023,10386559.303801889,61.65293519166168,491.19097320468137,1.5948941700419077,4.584462559006863,-0.4299366538618487,All ages,1,1.0,42,1,Cluster A
ARE,United Arab Emirates,Eastern Mediterranean Region,HI,Both,2023,32970504.74675812,96.09278960929342,777.0130682607179,1.0664769753422825,2.2141479664060415,-0.1567427402582597,All ages,1,1.0,42,1,Cluster A
ARG,Argentina,Region of the Americas,UMI,Both,2023,34540748.17416328,102.62475095900804,780.7740900920112,1.070623840326355,10.668097649612127,0.0919342542541104,All ages,1,1.0,42,1,Cluster A
ARM,Armenia,European Region,UMI,Both,2023,68609654.06859003,86.29777033679534,700.2694156080731,1.5182982122910424,4.385506505095158,-0.1611380296434953,All ages,1,1.0,42,1,Cluster A
ATG,Antigua and Barbuda,Region of the Americas,HI,Both,2023,36226928.84528243,99.47975275844972,809.1959911920658,8.524309427103173,1.1308648431478832,0.1831516962708079,All ages,1,1.0,42,1,Cluster A
AUS,Australia,Western Pacific Region,HI,Both,2023,38468255.419657424,98.7898500152718,707.4973093589908,5.800353621936953,11.448306690350153,0.2768589049421689,All ages,1,1.0,42,1,Cluster A
AUT,Austria,European Region,HI,Both,2023,35926452.97575123,67.20524122131027,462.94486045966585,6.001057137948476,13.534693039325749,0.0224740308278357,All ages,1,1.0,42,1,Cluster A
AZE,Azerbaijan,European Region,UMI,Both,2023,63597681.52460782,89.735780857534,728.3017362655314,2.510750830146474,3.552622031678458,-0.1188998165425326,All ages,1,1.0,42,1,Cluster A
BDI,Burundi,African Region,LI,Both,2023,8459352.92040421,105.1183069543002,735.9852686568415,4.18496112379917,13.365694432413658,0.3059885634382053,All ages,1,1.0,42,2,Cluster C
BEL,Belgium,European Region,HI,Both,2023,64533080.99001971,128.49481340929995,695.4918192211148,4.498675979699596,15.337106926285037,0.3758580431909268,All ages,1,1.0,42,2,Cluster C
BEN,Benin,African Region,LMI,Both,2023,16947744.480802897,94.90605123791524,679.1521440594619,1.507116283781458,3.185627369394423,-0.1539762518774753,All ages,1,1.0,42,1,Cluster A
BFA,Burkina Faso,African Region,LI,Both,2023,14309856.57970646,114.73853983067724,816.2999865169477,1.4438568997361203,9.916782813217251,0.1892466070495767,All ages,1,1.0,42,2,Cluster C
BGD,Bangladesh,South-East Asia Region,LMI,Both,2023,30146794.37769749,126.58139589810185,487.02536324508463,3.027807027114392,4.8962696750167805,0.0476765531763298,All ages,1,1.0,42,1,Cluster A
BGR,Bulgaria,European Region,HI,Both,2023,109472369.96093522,67.98404349267217,506.9916490987466,2.2613855549303428,8.667530916472618,-0.2466656791471658,All ages,1,1.0,42,1,Cluster A
BHR,Bahrain,Eastern Mediterranean Region,HI,Both,2023,21458959.670849785,106.5006572881898,846.6639267270892,0.3916835744367367,3.4379042736142993,-0.0560267486656699,All ages,1,1.0,42,1,Cluster A
BHS,Bahamas,Region of the Americas,HI,Both,2023,50396863.94098,93.26894723522206,750.074423683522,4.667320871319607,2.7187069570975857,-0.0810185764014024,All ages,1,1.0,42,1,Cluster A
BIH,Bosnia and Herzegovina,European Region,UMI,Both,2023,32623399.568846937,72.99310791831607,548.1880429050954,3.2106081047058153,9.90306635218376,-0.1227625865099911,All ages,1,1.0,42,1,Cluster A
BLR,Belarus,European Region,UMI,Both,2023,24399239.47581713,90.60664463901922,636.4384814509219,21.942529097507062,16.791380709527882,1.067818067083886,All ages,1,1.0,42,0,Cluster B
BLZ,Belize,Region of the Americas,UMI,Both,2023,61894405.44300852,98.97071157229264,777.2511686067812,3.2801259309233513,7.09064810606883,0.0906669527581692,All ages,1,1.0,42,1,Cluster A
BOL,Bolivia,Region of the Americas,LMI,Both,2023,15503428.533281442,82.40317974236523,634.3923455693146,4.721125328911868,7.116690880518616,-0.0203935383702784,All ages,1,1.0,42,1,Cluster A
BRA,Brazil,Region of the Americas,UMI,Both,2023,41263486.49984981,102.33548815366886,780.6832672152188,4.579502740346169,9.368639963267691,0.2183953097634019,All ages,1,1.0,42,1,Cluster A
BRB,Barbados,Region of the Americas,HI,Both,2023,54106201.41673424,85.21812031775242,683.8660455206924,2.1678614086586494,4.750873216524949,-0.1540067092275388,All ages,1,1.0,42,1,Cluster A
BRN,Brunei Darussalam,Western Pacific Region,HI,Both,2023,47524076.95796519,56.55849133252238,448.4983240581386,0.8282179492081755,3.6875782531167194,-0.5427943965325104,All ages,1,1.0,42,1,Cluster A
BTN,Bhutan,South-East Asia Region,LMI,Both,2023,28506516.90802692,78.09754399373702,609.0513422682748,1.3799116951303856,8.003846490566778,-0.1768533381181217,All ages,1,1.0,42,1,Cluster A
BWA,Botswana,African Region,UMI,Both,2023,15281217.886045482,86.01928303908444,629.3750542289052,1.280705541539137,11.306776391652914,-0.0484301516552277,All ages,1,1.0,42,1,Cluster A
CAF,Central African Republic,African Region,LI,Both,2023,7154968.409789296,157.6227757425552,1131.1598763797565,1.9229219502138584,17.322340466693593,0.8345802376133701,All ages,1,1.0,42,2,Cluster C
CAN,Canada,Region of the Americas,HI,Both,2023,30521136.082563,91.01128045751672,661.0397077820868,18.847741493374652,12.257422402762376,0.8224654538636865,All ages,1,1.0,42,0,Cluster B
CHE,Switzerland,European Region,HI,Both,2023,20414913.67478398,129.2712685780622,982.9217268906548,4.6282798593394805,11.015506270202794,0.5462634981621718,All ages,1,1.0,42,2,Cluster C
CHL,Chile,Region of the Americas,HI,Both,2023,11106016.028147545,130.73021400095374,1015.3561459293658,2.0587839685856832,11.157076566174297,0.4617402570375331,All ages,1,1.0,42,2,Cluster C
CHN,China,Western Pacific Region,UMI,Both,2023,43861783.64872854,83.2983136757713,623.1614315045645,1.274204761367084,5.922841440292444,-0.2122485588124103,All ages,1,1.0,42,1,Cluster A
CIV,Côte d'Ivoire,African Region,LMI,Both,2023,37267339.173240274,99.48672579600732,702.2256213793047,1.7940722098898512,11.267450951603648,0.0898278704337914,All ages,1,1.0,42,1,Cluster A
CMR,Cameroon,African Region,LMI,Both,2023,17598972.254973102,102.67496612745065,317.59625761364117,1.9380995389910345,13.220632342672443,0.0574758042748576,All ages,1,1.0,42,1,Cluster A
COD,Democratic Republic of the Congo,African Region,LI,Both,2023,16537860.613524863,161.05117708219987,1189.8655744811165,2.8560542557799664,14.832713130438066,0.8653537345214725,All ages,1,1.0,42,2,Cluster C
COG,Congo,African Region,LMI,Both,2023,9491105.466986978,167.1408785026304,1269.0496187638732,2.6184293401441385,13.691192697388727,0.9062074729808364,All ages,1,1.0,42,2,Cluster C
COL,Colombia,Region of the Americas,UMI,Both,2023,22728622.296280123,67.29689675581754,511.7710683472316,0.605139577050271,7.489457734772781,-0.3542633751070866,All ages,1,1.0,42,1,Cluster A
COM,Comoros,African Region,LMI,Both,2023,26245503.105480645,108.38230903143322,820.2412229032981,1.192394031099096,8.300317607092662,0.104298367142736,All ages,1,1.0,42,2,Cluster C
CPV,Cabo Verde,African Region,LMI,Both,2023,17766496.900138978,95.80830625156597,642.5168411398166,1.172557418405316,14.111500967926249,0.0808917580386972,All ages,1,1.0,42,1,Cluster A
CRI,Costa Rica,Region of the Americas,UMI,Both,2023,53368135.368820414,94.3960648888334,703.1872518438811,2.585676070426163,9.46174101341072,0.0517137399371462,All ages,1,1.0,42,1,Cluster A
CUB,Cuba,Region of the Americas,UMI,Both,2023,46700119.37807723,99.58666825487148,726.4576813681917,3.9710573718449713,18.20011450328134,0.3926668980363013,All ages,1,1.0,42,2,Cluster C
CYP,Cyprus,European Region,HI,Both,2023,24412679.539166875,39.84170141733793,573.3882139697524,2.002307677373565,5.374503206306231,-0.2952172189791038,All ages,1,1.0,42,1,Cluster A
CZE,Czechia,European Region,HI,Both,2023,16031328.146503258,83.41796960460013,597.8346626472502,3.9931545518670535,11.661242831446454,0.0507813034535899,All ages,1,1.0,42,1,Cluster A
DEU,Germany,European Region,HI,Both,2023,23741630.784465555,107.01581523753993,809.8894194252563,6.748461036354129,13.28613149773427,0.4782223896615819,All ages,1,1.0,42,2,Cluster C
DJI,Djibouti,Eastern Mediterranean Region,LMI,Both,2023,31447376.67948563,95.5539740257054,704.9287387570653,3.4120141839235467,12.247210930679264,0.1716762632754935,All ages,1,1.0,42,1,Cluster A
DNK,Denmark,European Region,HI,Both,2023,46432135.496704504,92.11483525233432,865.8893533543269,11.34267057786501,11.020361192509856,0.5506833135541122,All ages,1,1.0,42,0,Cluster B
DOM,Dominican Republic,Region of the Americas,UMI,Both,2023,29044042.846473128,104.02938466277185,823.4341215098178,2.190941771905749,8.441048362038302,0.133082823215661,All ages,1,1.0,42,2,Cluster C
DZA,Algeria,African Region,UMI,Both,2023,12006629.642654158,106.66468355387866,874.0649507072146,2.419764009379351,3.774433136662195,0.0640096704942492,All ages,1,1.0,42,2,Cluster C
ECU,Ecuador,Region of the Americas,UMI,Both,2023,15571106.39341462,94.56221553559573,713.662782133605,1.6685428075405992,9.43290918866795,0.0168764209770366,All ages,1,1.0,42,1,Cluster A
EGY,Egypt,Eastern Mediterranean Region,LMI,Both,2023,26482029.77084174,107.40975639297824,889.6070990184576,0.196461076381215,0.9340979793398668,-0.1000512256699741,All ages,1,1.0,42,1,Cluster A
ERI,Eritrea,African Region,LI,Both,2023,9019994.606740857,110.20997940241404,733.3126782039039,4.569537021111632,19.39582028063905,0.5107664457850162,All ages,1,1.0,42,2,Cluster C
ESP,Spain,European Region,HI,Both,2023,27141305.82011548,98.89348609392384,762.3228112484394,2.209635126754203,7.306054485851005,0.0376836087029131,All ages,1,1.0,42,1,Cluster A
EST,Estonia,European Region,HI,Both,2023,17616607.86218376,80.85249511356855,558.438609582066,15.259713450751022,13.201178706994328,0.5662715137307196,All ages,1,1.0,42,0,Cluster B
ETH,Ethiopia,African Region,LI,Both,2023,5514510.805010127,71.73097756666591,1062.1041095117928,4.2807250012151945,12.44578979729318,0.3874311318781964,All ages,1,1.0,42,2,Cluster C
FIN,Finland,European Region,HI,Both,2023,44435451.143795475,79.88941460368744,534.0020929723386,10.928635334705785,14.871923511894217,0.3936241568563432,All ages,1,1.0,42,0,Cluster B
FJI,Fiji,Western Pacific Region,UMI,Both,2023,50016558.14652033,73.65994880635505,536.9756537816429,0.2080423765901338,8.780253821955407,-0.2886207451508643,All ages,1,1.0,42,1,Cluster A
FRA,France,European Region,HI,Both,2023,19281473.553039573,101.15877810897447,729.4918764971462,5.435690828581494,14.795273966223483,0.3771758585620242,All ages,1,1.0,42,2,Cluster C
FSM,Micronesia (Federated States of),Western Pacific Region,LMI,Both,2023,22515982.988044843,51.913226671328,641.5019864672316,2.3815940337506967,14.401419708789025,0.0397884837243028,All ages,1,1.0,42,1,Cluster A
GAB,Gabon,African Region,UMI,Both,2023,43451749.8850584,148.3084121409973,1130.9815525832205,2.538566408474799,16.8743230222157,0.8029462065125684,All ages,1,1.0,42,2,Cluster C
GBR,United Kingdom of Great Britain and Northern Ireland,European Region,HI,Both,2023,80397874.40398921,167.36516698674964,1309.3073442905654,9.333429700092443,9.056112762292836,1.1136616669035415,All ages,1,1.0,42,2,Cluster C
GEO,Georgia,European Region,UMI,Both,2023,20744491.864007056,103.0451031701716,807.57004913511,14.27978880137153,2.790701226824773,0.5478274589914468,All ages,1,1.0,42,0,Cluster B
GHA,Ghana,African Region,LMI,Both,2023,29215591.779540807,114.5559097048458,878.153917335619,1.981985461237401,11.27600160299733,0.2898279222777855,All ages,1,1.0,42,2,Cluster C
GIN,Guinea,African Region,LMI,Both,2023,38581783.36479453,102.85132224429924,766.0662014563065,1.6177164463464702,11.190526654135038,0.1325020359061407,All ages,1,1.0,42,1,Cluster A
GMB,Gambia,African Region,LI,Both,2023,21709323.40521603,88.08910858558673,655.8913542314094,1.1232816359516633,7.892264109051184,-0.1201543336067615,All ages,1,1.0,42,1,Cluster A
GNB,Guinea-Bissau,African Region,LI,Both,2023,6295858.370339947,96.18658942816953,675.5892788963599,1.806099696994681,12.060245571428794,0.0776833273119044,All ages,1,1.0,42,1,Cluster A
GNQ,Equatorial Guinea,African Region,UMI,Both,2023,26322521.140654434,133.26712407537497,1000.8283179416112,4.308346092338173,15.430343619209818,0.6731147348104324,All ages,1,1.0,42,2,Cluster C
GRC,Greece,European Region,HI,Both,2023,45086056.151949085,130.44736931535772,1053.1581315235603,3.13526411906908,4.180437141940768,0.3451700681694292,All ages,1,1.0,42,2,Cluster C
GRD,Grenada,Region of the Americas,UMI,Both,2023,14223229.130374392,96.43090609952914,780.8646022713353,5.6930573021132735,4.05952514159559,0.1078735930126273,All ages,1,1.0,42,1,Cluster A
GTM,Guatemala,Region of the Americas,UMI,Both,2023,49125638.93960123,111.71867227485184,875.0114651433439,15.54852321593639,6.034590685487297,0.7487383802347065,All ages,1,1.0,42,0,Cluster B
GUY,Guyana,Region of the Americas,HI,Both,2023,135595108.2174028,111.99168722050872,692.1304709267499,3.3138673887720644,26.994739793848403,0.6414450956065129,All ages,1,1.0,42,2,Cluster C
HND,Honduras,Region of the Americas,LMI,Both,2023,26511054.55399105,88.54811947661456,708.6775788594359,4.697810461032742,4.641877784927465,-0.0073874674654484,All ages,1,1.0,42,1,Cluster A
HRV,Croatia,European Region,HI,Both,2023,8960968.802291073,61.151445773349145,404.9523192653038,7.311054807150292,13.73203646299002,0.0188436727210764,All ages,1,1.0,42,1,Cluster A
HTI,Haiti,Region of the Americas,LMI,Both,2023,13377832.35138551,127.98217294560682,978.2134383696174,5.45846221759438,6.395806078988686,0.4494468487756822,All ages,1,1.0,42,2,Cluster C
HUN,Hungary,European Region,HI,Both,2023,21491279.795298405,86.22080631588841,600.2980547742794,5.760139988156573,16.451166963719473,0.2765959868096511,All ages,1,1.0,42,1,Cluster A
IDN,Indonesia,South-East Asia Region,UMI,Both,2023,72525925.92219609,55.44320829650215,451.89442019755273,0.3328088737032962,1.945863536355836,-0.6159085527025246,All ages,1,1.0,42,1,Cluster A
IND,India,South-East Asia Region,LMI,Both,2023,18718600.17633046,104.40346330114104,737.3384141829133,1.5878580690481572,14.290324767984208,0.18442133107119,All ages,1,1.0,42,2,Cluster C
IRL,Ireland,European Region,HI,Both,2023,11007574.216622852,92.87053797521142,698.8104111190418,6.076653030326432,8.013179837635162,0.1607302671208209,All ages,1,1.0,42,1,Cluster A
IRN,Iran (Islamic Republic of),Eastern Mediterranean Region,UMI,Both,2023,42873909.24987055,98.24880946115074,779.4727045455336,3.199468384953381,5.48298040388151,0.041284094294373,All ages,1,1.0,42,1,Cluster A
IRQ,Iraq,Eastern Mediterranean Region,UMI,Both,2023,44592372.29819283,110.69508376430824,885.6195892307732,2.5404019421746504,7.471462916748517,0.1975329591045368,All ages,1,1.0,42,2,Cluster C
ISL,Iceland,European Region,HI,Both,2023,20904543.885344956,123.37107729033627,915.9102105788138,8.482436793844983,11.709428944152735,0.6667149383992031,All ages,1,1.0,42,2,Cluster C
ISR,Israel,European Region,HI,Both,2023,16485943.861484213,117.9402948407508,942.165346777242,2.190276740572042,6.256628218568934,0.2224300517629842,All ages,1,1.0,42,2,Cluster C
ITA,Italy,European Region,HI,Both,2023,104571801.8357416,55.109479825645174,417.51268077375954,1.1153320241388134,5.716095197260181,-0.5024095692000005,All ages,1,1.0,42,1,Cluster A
JAM,Jamaica,Region of the Americas,UMI,Both,2023,57440766.82672557,95.84120341318209,781.6497634797886,0.660837293607141,1.7888528006502826,-0.1849620181774187,All ages,1,1.0,42,1,Cluster A
JOR,Jordan,Eastern Mediterranean Region,LMI,Both,2023,40985211.79278348,114.42553099653811,1229.7383825205868,0.1875734763789871,1.0985852595408407,0.0541928936260093,All ages,1,1.0,42,2,Cluster C
JPN,Japan,Western Pacific Region,HI,Both,2023,28503798.92410206,79.8047042955249,534.1459680250558,0.5314156782910796,17.898760181333827,0.0021674857158634,All ages,1,1.0,42,1,Cluster A
KAZ,Kazakhstan,European Region,UMI,Both,2023,26516809.286486503,87.01044143073592,569.4240725142064,6.769959333207413,18.14124114035025,0.3521702791985839,All ages,1,1.0,42,1,Cluster A
KEN,Kenya,African Region,LMI,Both,2023,15399393.418846631,92.68246832351618,691.1968256880414,2.9296322591303894,11.596173850139154,0.1085679851142777,All ages,1,1.0,42,1,Cluster A
KGZ,Kyrgyzstan,European Region,LMI,Both,2023,10677965.640279949,114.17308165217312,647.0575724335298,5.87392053343231,6.171070666163038,0.1414108684593679,All ages,1,1.0,42,1,Cluster A
KHM,Cambodia,Western Pacific Region,LMI,Both,2023,59219625.55622919,70.2220122292099,528.2072728189914,0.9435780395720772,4.665053571253007,-0.3737689792396888,All ages,1,1.0,42,1,Cluster A
KIR,Kiribati,Western Pacific Region,LMI,Both,2023,21629698.379998192,116.00464640513336,788.2990155167273,5.3052183455406,14.094871782824878,0.466136760179334,All ages,1,1.0,42,2,Cluster C
KOR,Republic of Korea,Western Pacific Region,HI,Both,2023,70197251.64536943,82.72764732993325,490.5710892383103,1.439543501158887,22.77230521596978,0.1618145971848938,All ages,1,1.0,42,1,Cluster A
KWT,Kuwait,Eastern Mediterranean Region,HI,Both,2023,27159525.60136606,100.74392166695864,816.4779920808137,0.7704076297976414,2.2383110128260877,-0.1201950636014562,All ages,1,1.0,42,1,Cluster A
LAO,Lao People's Democratic Republic,Western Pacific Region,LMI,Both,2023,33647883.983380005,62.00014023887012,466.29394961490976,1.4339972837413049,5.151524824437458,-0.4363578626290936,All ages,1,1.0,42,1,Cluster A
LBN,Lebanon,Eastern Mediterranean Region,LMI,Both,2023,22586737.99173673,140.46656741938605,1160.408851455241,0.628978184644655,1.410849441209044,0.2770504742365712,All ages,1,1.0,42,2,Cluster C
LBR,Liberia,African Region,LI,Both,2023,5141247.202592496,94.98172796247196,696.5778543187271,2.248419934717728,10.593414298933022,0.0656599667095003,All ages,1,1.0,42,1,Cluster A
LBY,Libya,Eastern Mediterranean Region,UMI,Both,2023,104365207.96576732,126.1265509949514,987.9154596526556,2.4007304994106065,4.650038259796085,0.2400953598721899,All ages,1,1.0,42,2,Cluster C
LCA,Saint Lucia,Region of the Americas,UMI,Both,2023,34222403.05492796,94.7591662866997,751.0963116085774,4.159893561881094,6.380197316477757,0.071224988857496,All ages,1,1.0,42,1,Cluster A
LKA,Sri Lanka,South-East Asia Region,LMI,Both,2023,10733367.349235358,98.10348350252946,666.6576051476985,1.6799150010140038,15.103201571656776,0.1566273001784406,All ages,1,1.0,42,1,Cluster A
LSO,Lesotho,African Region,LMI,Both,2023,32112748.45215515,127.7716129955232,706.2362662684229,2.0841738198673907,27.61222076770445,0.6917021218246585,All ages,1,1.0,42,2,Cluster C
LTU,Lithuania,European Region,HI,Both,2023,30869468.652602237,108.53406262226387,739.8340271810199,10.348517096849417,22.313995129414455,0.8483130996182057,All ages,1,1.0,42,0,Cluster B
LUX,Luxembourg,European Region,HI,Both,2023,43734113.719886035,63.220814795815315,866.6560740037862,5.662620751025469,7.88949575453613,0.1824982067707936,All ages,1,1.0,42,1,Cluster A
LVA,Latvia,European Region,HI,Both,2023,35186606.84545459,88.03448541454867,606.306359084618,12.610648483244042,17.364225122901008,0.6277155964118422,All ages,1,1.0,42,0,Cluster B
MAR,Morocco,Eastern Mediterranean Region,LMI,Both,2023,6584299.575757017,110.99491986160386,890.7273352464395,2.6745735628895706,3.8561267754481894,0.110697159176443,All ages,1,1.0,42,2,Cluster C
MDA,Republic of Moldova,European Region,UMI,Both,2023,20344842.11194847,90.69448938433652,632.885089797122,7.265672074520979,12.92354175815684,0.2936502043800453,All ages,1,1.0,42,1,Cluster A
MDG,Madagascar,African Region,LI,Both,2023,5760086.9504215745,107.90191418774502,797.0706390965283,5.250143723638263,14.35753229199648,0.435206175673392,All ages,1,1.0,42,2,Cluster C
MDV,Maldives,South-East Asia Region,UMI,Both,2023,57884991.352415174,60.8888353942239,480.25542008010666,0.4490015040535491,2.0599714723489115,-0.5482099901307967,All ages,1,1.0,42,1,Cluster A
MEX,Mexico,Region of the Americas,UMI,Both,2023,36755540.89974681,84.00241042249525,635.1390847637384,2.4386133428192887,7.936563540915406,-0.0897393413544658,All ages,1,1.0,42,1,Cluster A
MKD,North Macedonia,European Region,UMI,Both,2023,33940553.21483998,62.04779498899574,467.164719521997,1.7019325918643449,7.552769436758478,-0.3584086907196394,All ages,1,1.0,42,1,Cluster A
MLI,Mali,African Region,LI,Both,2023,15684442.950424084,89.4755089062132,670.1628686319823,1.2703724896705897,7.86922670586406,-0.0977394367585769,All ages,1,1.0,42,1,Cluster A
MLT,Malta,European Region,HI,Both,2023,26884494.609752484,55.49822230335476,424.8414549857331,1.7016486288573935,3.661946590457025,-0.5063538498440022,All ages,1,1.0,42,1,Cluster A
MMR,Myanmar,South-East Asia Region,LMI,Both,2023,20226473.060563628,79.21847608377423,618.8308582134156,19.755376011338026,6.579197778943754,0.622668856270907,All ages,1,1.0,42,0,Cluster B
MNE,Montenegro,European Region,UMI,Both,2023,37978125.60579107,68.62967789706549,482.123883125549,1.4951490987857892,13.580820980238418,-0.1615267865300007,All ages,1,1.0,42,1,Cluster A
MNG,Mongolia,Western Pacific Region,UMI,Both,2023,40655274.67032935,102.24254351431247,633.749920261519,27.911249540204945,18.105830409837235,1.432374262842244,All ages,1,1.0,42,0,Cluster B
MOZ,Mozambique,African Region,LI,Both,2023,54006879.185971774,108.62396470933813,723.0256621816237,1.5568895712292663,8.833452798334326,0.0732463936937346,All ages,1,1.0,42,1,Cluster A
MRT,Mauritania,African Region,LMI,Both,2023,13211543.494180052,82.89337236606328,635.4561145663441,1.4817628564671532,8.418100360014403,-0.1293700330840556,All ages,1,1.0,42,1,Cluster A
MUS,Mauritius,African Region,UMI,Both,2023,14851780.80211832,127.02414712353487,958.9852312157428,7.942839919108651,10.455025314197467,0.6548706102794304,All ages,1,1.0,42,2,Cluster C
MWI,Malawi,African Region,LI,Both,2023,13561580.582791517,107.55310781827856,755.1461749405569,4.056258159304021,17.41007000375914,0.4343945462565963,All ages,1,1.0,42,2,Cluster C
MYS,Malaysia,Western Pacific Region,UMI,Both,2023,22941368.261505328,92.10041245575351,726.0640080822379,0.4472862585258048,3.45229593321728,-0.2049065083307918,All ages,1,1.0,42,1,Cluster A
NAM,Namibia,African Region,UMI,Both,2023,10245716.38825665,87.39765495910065,606.7278132186273,2.08579718793796,17.227007826268377,0.1406032114745396,All ages,1,1.0,42,1,Cluster A
NER,Niger,African Region,LI,Both,2023,5066112.244009543,99.52892047904984,742.749066922242,1.3478801595355685,9.249134346956351,0.0415308008717193,All ages,1,1.0,42,1,Cluster A
NGA,Nigeria,African Region,LMI,Both,2023,13256990.595854064,114.44144568704866,868.9001440600239,1.851328774581745,4.621340612528865,0.0972768376928392,All ages,1,1.0,42,2,Cluster C
NIC,Nicaragua,Region of the Americas,LMI,Both,2023,6893443.706681645,79.93369081054533,614.2165160564996,5.501259969811911,9.519043954801353,0.0543746712150652,All ages,1,1.0,42,1,Cluster A
NLD,Netherlands (Kingdom of the),European Region,HI,Both,2023,100254458.89519285,149.78499073547496,1167.600485339672,3.385140663575525,10.50525238868515,0.7005357980136115,All ages,1,1.0,42,2,Cluster C
NOR,Norway,European Region,HI,Both,2023,19228224.21563568,79.06184698547611,339.4514788011258,6.342453844411231,9.84392409192838,0.0520122446501707,All ages,1,1.0,42,1,Cluster A
NPL,Nepal,South-East Asia Region,LMI,Both,2023,116199014.5829983,82.63300461218476,586.4283045245425,1.2254682153444136,15.988894367836217,0.0305109116288232,All ages,1,1.0,42,1,Cluster A
NZL,New Zealand,Western Pacific Region,HI,Both,2023,25994241.367714804,85.97647896265535,611.2006232426882,3.627560458255497,12.839523208794704,0.0877434098859805,All ages,1,1.0,42,1,Cluster A
OMN,Oman,Eastern Mediterranean Region,HI,Both,2023,81035227.36364594,87.9754097207925,728.0827111575327,0.3226690720922495,1.1265281345545133,-0.2931654738652675,All ages,1,1.0,42,1,Cluster A
PAK,Pakistan,Eastern Mediterranean Region,LMI,Both,2023,20963039.815727662,118.85012911219457,927.6237030820412,0.9932453944231324,8.273807870622749,0.217701453086829,All ages,1,1.0,42,2,Cluster C
PAN,Panama,Region of the Americas,HI,Both,2023,39421202.68059075,75.29875931727197,600.3873585364141,0.9534702067089914,6.464232867144598,-0.2677353504822611,All ages,1,1.0,42,1,Cluster A
PER,Peru,Region of the Americas,UMI,Both,2023,30697492.290676378,84.23018353335836,685.716290953611,1.4367144031347512,4.2544698136190116,-0.2045190349307411,All ages,1,1.0,42,1,Cluster A
PHL,Philippines,Western Pacific Region,LMI,Both,2023,19145109.668978773,66.22443389664336,506.38702765929776,0.9548174378856474,5.343799871881671,-0.3983285703522953,All ages,1,1.0,42,1,Cluster A
PNG,Papua New Guinea,Western Pacific Region,LMI,Both,2023,24726890.426982205,80.29659871395185,278.5196207233437,1.2729945793229782,3.060570800780565,-0.3716713857557538,All ages,1,1.0,42,1,Cluster A
POL,Poland,European Region,HI,Both,2023,45728394.63398006,71.5721188996532,484.1510123374813,11.400699219367455,12.814723802024483,0.2846711558630265,All ages,1,1.0,42,0,Cluster B
PRK,Democratic People's Republic of Korea,South-East Asia Region,LI,Both,2023,11399569.918110227,89.99238190946073,673.2795116239586,1.826302828495812,8.050097060004484,-0.0628971340086771,All ages,1,1.0,42,1,Cluster A
PRT,Portugal,European Region,HI,Both,2023,32447854.70983918,108.84515789504788,834.9055333568953,2.206311502889886,11.724845362809418,0.2459991101260027,All ages,1,1.0,42,2,Cluster C
PRY,Paraguay,Region of the Americas,UMI,Both,2023,25177010.556991987,88.65947299860018,671.3121536952284,5.749880957697527,10.894616659214512,0.1844709655684716,All ages,1,1.0,42,1,Cluster A
QAT,Qatar,Eastern Mediterranean Region,HI,Both,2023,35846300.49460014,84.08387448470478,667.8392632426178,0.1589618153310821,2.2827379851213405,-0.3283617698249441,All ages,1,1.0,42,1,Cluster A
ROU,Romania,European Region,HI,Both,2023,83668784.9473215,52.99492410045344,370.5329755230831,3.0549653431729498,8.281155432614481,-0.3861342728763964,All ages,1,1.0,42,1,Cluster A
RUS,Russian Federation,European Region,HI,Both,2023,17963585.394118812,111.2733563393568,748.9733321211222,16.47406923948243,22.687091158774557,1.156960618505308,All ages,1,1.0,42,0,Cluster B
RWA,Rwanda,African Region,LI,Both,2023,21050116.02591429,101.44972559778644,715.5817799285848,5.9747077563683915,12.967818060799202,0.3446921290900656,All ages,1,1.0,42,1,Cluster A
SAU,Saudi Arabia,Eastern Mediterranean Region,HI,Both,2023,35743025.79593286,96.15365184349658,786.5820558713687,0.1710912425189106,3.1322883386987947,-0.166102244092267,All ages,1,1.0,42,1,Cluster A
SDN,Sudan,Eastern Mediterranean Region,LI,Both,2023,18285671.620451774,124.9982785567374,1012.0964266096968,1.924917102768579,4.451756012603693,0.242983996137587,All ages,1,1.0,42,2,Cluster C
SEN,Senegal,African Region,LMI,Both,2023,11133738.787146604,90.51499922378068,650.7025942850183,1.2850298610847193,8.729840434600236,-0.0811714675888768,All ages,1,1.0,42,1,Cluster A
SGP,Singapore,Western Pacific Region,HI,Both,2023,36993507.14045403,44.11396884732144,300.6369389100461,0.2742483988565812,8.357019324986021,-0.6012837549064632,All ages,1,1.0,42,1,Cluster A
SLB,Solomon Islands,Western Pacific Region,LMI,Both,2023,18812058.4212611,107.18225794633555,689.6386622007468,2.072152683278016,12.98051900143228,0.1797884374139537,All ages,1,1.0,42,1,Cluster A
SLE,Sierra Leone,African Region,LI,Both,2023,8767093.267957894,124.26863297164071,694.6918414869838,2.583035803345312,12.838013157861267,0.2390106639947987,All ages,1,1.0,42,2,Cluster C
SLV,El Salvador,Region of the Americas,UMI,Both,2023,72093159.97252941,85.49607450416684,628.1281855093156,18.77023801448008,9.935077087001824,0.7066282836956377,All ages,1,1.0,42,0,Cluster B
SOM,Somalia,Eastern Mediterranean Region,LI,Both,2023,8866336.898483172,161.86938158739736,871.2279407366408,1.7990085331574532,12.433814890402347,0.4412914204383721,All ages,1,1.0,42,2,Cluster C
SRB,Serbia,European Region,UMI,Both,2023,43543003.81856567,69.71601382992792,492.9309781982666,3.78502231889416,12.98933207581134,-0.0607905645610626,All ages,1,1.0,42,1,Cluster A
SSD,South Sudan,African Region,LI,Both,2023,3611501.1252003415,119.84523515984468,850.9801578597313,5.714556301865077,16.80810886344267,0.5200891999903506,All ages,1,1.0,42,2,Cluster C
STP,Sao Tome and Principe,African Region,LMI,Both,2023,55450754.93373509,78.17982214876226,638.1282113331761,1.6812500095218743,2.1514378149936015,-0.3120515115261061,All ages,1,1.0,42,1,Cluster A
SUR,Suriname,Region of the Americas,UMI,Both,2023,61461271.526247114,106.30823962088846,675.688437376004,2.769271381572778,29.17861337864588,0.6361116420315568,All ages,1,1.0,42,2,Cluster C
SVK,Slovakia,European Region,HI,Both,2023,27517735.38710131,70.0727647449177,500.905143482282,4.237169002018863,11.163516128244526,-0.0826009681959327,All ages,1,1.0,42,1,Cluster A
SVN,Slovenia,European Region,HI,Both,2023,28938584.93083846,77.18043734050133,508.3255293443464,10.08822299017041,15.887321645046024,0.3523550435745682,All ages,1,1.0,42,0,Cluster B
SWE,Sweden,European Region,HI,Both,2023,52173905.58193421,109.3696626566662,804.7968196869889,6.442363380745051,11.83098518437498,0.4138898735786726,All ages,1,1.0,42,2,Cluster C
SWZ,Eswatini,African Region,LMI,Both,2023,47733706.32072912,138.45259822057588,851.4175909037262,1.7376019675345358,21.17968422899399,0.6508139177592586,All ages,1,1.0,42,2,Cluster C
SYC,Seychelles,African Region,HI,Both,2023,93134708.64867756,61.101577323048424,472.6276686072238,1.3327140085818536,6.710944478892525,-0.3992352812794459,All ages,1,1.0,42,1,Cluster A
SYR,Syrian Arab Republic,Eastern Mediterranean Region,LI,Both,2023,16087809.259788657,184.5011868259125,1531.4204389059971,1.094878233948669,1.0020018752949431,0.7528227418849721,All ages,1,1.0,42,2,Cluster C
TCD,Chad,African Region,LI,Both,2023,9821865.071930325,126.33976992175371,947.4765792921768,1.8983107905247332,13.89156171076926,0.461871445104804,All ages,1,1.0,42,2,Cluster C
TGO,Togo,African Region,LI,Both,2023,16353920.775036938,120.459470815041,869.0680439882478,1.599812925429683,10.402896739317717,0.2729578935291324,All ages,1,1.0,42,2,Cluster C
THA,Thailand,South-East Asia Region,UMI,Both,2023,59269355.52954812,62.90332633465481,387.0253122822099,2.2819209188833876,10.900234443339787,-0.2892927025535348,All ages,1,1.0,42,1,Cluster A
TJK,Tajikistan,European Region,LMI,Both,2023,48924197.767695315,82.96746758238093,664.3770427777082,2.009068480608662,5.630641362735505,-0.161575537620215,All ages,1,1.0,42,1,Cluster A
TKM,Turkmenistan,European Region,UMI,Both,2023,120170571.30815823,86.36777813432568,643.7062766861079,4.439778617971071,10.265413142268864,0.0782180083293835,All ages,1,1.0,42,1,Cluster A
TLS,Timor-Leste,South-East Asia Region,LMI,Both,2023,8757458.178369446,63.845169514941,489.0206647377138,0.8744567256438729,4.8000030582658875,-0.4134337569862241,All ages,1,1.0,42,1,Cluster A
TON,Tonga,Western Pacific Region,UMI,Both,2023,17807015.506182082,99.35329661356803,365.4028039423207,1.0292194800339924,4.143798658028295,-0.2338465518458209,All ages,1,1.0,42,1,Cluster A
TTO,Trinidad and Tobago,Region of the Americas,HI,Both,2023,82472894.78322601,105.11243778361542,767.3651240387873,2.192389384293207,19.1246654317559,0.2752673577260886,All ages,1,1.0,42,2,Cluster C
TUN,Tunisia,Eastern Mediterranean Region,LMI,Both,2023,13563015.560197078,129.9542270050757,1065.3420408506868,2.213464532441065,2.3202285326826866,0.2583404331349034,All ages,1,1.0,42,2,Cluster C
TUR,Türkiye,European Region,UMI,Both,2023,34420112.14468022,123.90410377554812,1003.0377378967232,1.0034940737958582,4.597973338610877,0.1769355479136455,All ages,1,1.0,42,2,Cluster C
TZA,United Republic of Tanzania,African Region,LMI,Both,2023,15563809.586631704,102.99583980782045,776.2517750319795,2.4856720479712258,8.648120880835547,0.1164891674151347,All ages,1,1.0,42,1,Cluster A
UGA,Uganda,African Region,LI,Both,2023,21260931.256679337,93.67922642946522,667.2211350872926,4.226458640683436,12.281664561513502,0.175570783753772,All ages,1,1.0,42,1,Cluster A
UKR,Ukraine,European Region,UMI,Both,2023,9805947.446969328,147.60504605352696,1071.729283984117,10.910289343524036,19.58879747928164,1.1863827415020551,All ages,1,1.0,42,2,Cluster C
URY,Uruguay,Region of the Americas,HI,Both,2023,34077032.04737694,114.99304773623382,737.675864486832,2.4536614405203943,23.6546128928876,0.5568904051899074,All ages,1,1.0,42,2,Cluster C
USA,United States of America,Region of the Americas,HI,Both,2023,68631296.86614636,116.67007956818996,821.9610094918061,31.476539708469865,14.463088179352736,1.6919851417530374,All ages,1,1.0,42,0,Cluster B
UZB,Uzbekistan,European Region,LMI,Both,2023,16748849.334773786,83.36144968370549,611.2484014230095,1.274702645521882,11.8080326076103,-0.1173458993527139,All ages,1,1.0,42,1,Cluster A
VCT,Saint Vincent and the Grenadines,Region of the Americas,UMI,Both,2023,16695677.06222994,89.64119452358231,736.7886824212278,6.062872615750875,4.989725246934426,0.0866090051757955,All ages,1,1.0,42,1,Cluster A
VEN,Venezuela (Bolivarian Republic of),Region of the Americas,UMI,Both,2023,50808037.1070627,98.7266560050513,745.4005564654396,0.5743120767178052,7.9417575533973475,-0.0313806384097961,All ages,1,1.0,42,1,Cluster A
VNM,Viet Nam,Western Pacific Region,LMI,Both,2023,17299351.062881283,66.76581709438814,482.2615827305336,2.721392076257965,10.186740488906304,-0.2069449808728051,All ages,1,1.0,42,1,Cluster A
VUT,Vanuatu,Western Pacific Region,LMI,Both,2023,43882481.08727323,90.785268916146,596.4063955343117,1.108328849267303,11.638801527461332,-0.0444955415548768,All ages,1,1.0,42,1,Cluster A
WSM,Samoa,Western Pacific Region,LMI,Both,2023,26695154.100048497,79.74556567106491,545.5257503696058,1.0533572803023974,8.600302872056012,-0.2287751237998695,All ages,1,1.0,42,1,Cluster A
YEM,Yemen,Eastern Mediterranean Region,LI,Both,2023,5911205.631110419,128.79895414061534,1026.8573169280714,1.0882353318492226,4.190825825827052,0.2268165849575723,All ages,1,1.0,42,2,Cluster C
ZAF,South Africa,African Region,UMI,Both,2023,35638909.00811054,111.20453803602118,722.2742453541549,3.1402626781793685,16.957258086897564,0.3776617464785949,All ages,1,1.0,42,2,Cluster C
ZMB,Zambia,African Region,LMI,Both,2023,37431033.43036625,101.27229764223767,722.3171776255408,4.328843832716244,17.386387767328724,0.3928168887792305,All ages,1,1.0,42,2,Cluster C
ZWE,Zimbabwe,African Region,LMI,Both,2023,24017292.384795275,116.77368365852652,738.0425815423976,1.1012182447130965,8.482702895832285,0.0942840839173902,All ages,1,1.0,42,2,Cluster C
