iso3,location_name,region_name,income_group,sex_name,year,suicide_rate,depression_dalys_rate,addiction_death_rate,selfharm_death_rate
AFG,Afghanistan,Eastern Mediterranean Region,LI,Male,2021,125.7458678020219,978.7331273079956,1.0328132936182908,3.5276071274082654
AFG,Afghanistan,Eastern Mediterranean Region,LI,Female,2021,110.18509747418052,885.1637302338775,0.4456631357525611,1.615243020937937
AFG,Afghanistan,Eastern Mediterranean Region,LI,Both,2021,118.04328648974042,932.4162757563072,0.7310790298672423,2.580986894705453
AGO,Angola,African Region,LMI,Male,2021,173.18176891251613,1229.6741984750588,4.9306461659342355,23.06374075641443
AGO,Angola,African Region,LMI,Female,2021,143.4871555309257,1118.9891672909016,0.8383898025170639,4.680011816814479
AGO,Angola,African Region,LMI,Both,2021,158.48293528862885,1174.378781812192,2.9049792660427354,13.942307760881157
ALB,Albania,European Region,UMI,Male,2021,64.38501228712919,669.0773957268689,2.4353648435351505,5.953263910163595
ALB,Albania,European Region,UMI,Female,2021,55.57225242678761,456.6596409049013,0.6676378724202203,2.967192258004273
ALB,Albania,European Region,UMI,Both,2021,60.0226961562601,479.8484854014931,1.5607885291464805,4.47515844234473
ARE,United Arab Emirates,Eastern Mediterranean Region,HI,Male,2021,100.34155105192876,199.51711130949388,1.5098221840127188,3.209571794960776
ARE,United Arab Emirates,Eastern Mediterranean Region,HI,Female,2021,89.65172302278074,739.953017462662,0.6132277683269431,1.20691303995971
ARE,United Arab Emirates,Eastern Mediterranean Region,HI,Both,2021,92.56364858749252,778.3303257111156,1.067153580408607,2.218255711235249
ARG,Argentina,Region of the Americas,UMI,Male,2021,106.63608663525883,812.1645362946795,1.841464263599638,11.166587282429218
ARG,Argentina,Region of the Americas,UMI,Female,2021,93.1307825864647,736.2212298623905,0.2663861556161649,4.2863772652788965
ARG,Argentina,Region of the Americas,UMI,Both,2021,101.6933843869778,479.3530440444536,1.0618006001478189,11.30491425573052
ARM,Armenia,European Region,UMI,Male,2021,90.01710485671329,722.0662202478406,2.096560146476066,6.710388664930986
ARM,Armenia,European Region,UMI,Female,2021,79.57748303466096,653.8209971478622,0.7887929622629316,1.864973022180128
ARM,Armenia,European Region,UMI,Both,2021,84.84949205479738,688.2848348133512,1.4492153902905642,4.31190792176931
ATG,Antigua and Barbuda,Region of the Americas,HI,Male,2021,104.26058894369169,843.0322944985139,13.959080036889311,2.020963014987562
ATG,Antigua and Barbuda,Region of the Americas,HI,Female,2021,92.8327002066339,761.7302122394913,2.7658831986931083,0.1982599682238821
ATG,Antigua and Barbuda,Region of the Americas,HI,Both,2021,98.60378401884807,802.7877637802977,8.41844760198219,1.1187250068395405
AUS,Australia,Western Pacific Region,HI,Male,2021,107.81552424814411,747.275146137196,8.375287196001757,17.409402383589438
AUS,Australia,Western Pacific Region,HI,Female,2021,88.35744215968589,673.1125690102593,3.2215855111503053,5.500322218648182
AUS,Australia,Western Pacific Region,HI,Both,2021,122.63081943990598,710.5646704593623,5.824204862000288,11.514407701943515
AUT,Austria,European Region,HI,Male,2021,74.6678138247082,481.5388764155739,9.461902609413205,20.88346779914526
AUT,Austria,European Region,HI,Female,2021,57.77515081131525,434.9439941288673,2.3396804802666686,5.7976737902077256
AUT,Austria,European Region,HI,Both,2021,66.3059456330787,458.4744096836542,5.936402655485669,13.41599976472118
AZE,Azerbaijan,European Region,UMI,Male,2021,93.44429204147426,751.3465529182164,3.707190235044897,5.480383396111752
AZE,Azerbaijan,European Region,UMI,Female,2021,82.79106461024973,682.6796559388009,1.223288968561545,1.4760242256291844
AZE,Azerbaijan,European Region,UMI,Both,2021,88.1709444630181,717.3564389134058,2.477659108135638,3.4982256067228814
BDI,Burundi,African Region,LI,Male,2021,115.56929216361144,772.1749034425485,5.875122235473414,20.733797116719032
BDI,Burundi,African Region,LI,Female,2021,93.19498327826854,700.3332234557068,2.4686681760462537,5.860288990802849
BDI,Burundi,African Region,LI,Both,2021,104.49400926536671,736.6132718490618,4.1889274760569695,13.371410594390523
BEL,Belgium,European Region,HI,Male,2021,113.79738531615172,966.1845931715776,6.53468098320875,22.690107162304077
BEL,Belgium,European Region,HI,Female,2021,91.05628010873914,418.8062596474757,2.3536797775873923,8.035445923266787
BEL,Belgium,European Region,HI,Both,2021,102.54053823848248,725.2470044671888,4.4650853864261775,15.43604984898062
BEN,Benin,African Region,LMI,Male,2021,105.33276951163182,712.7863444825365,2.4300555408609323,17.15084221281719
BEN,Benin,African Region,LMI,Female,2021,84.99301634068064,646.5158886206406,0.5614803358718591,4.665680922247609
BEN,Benin,African Region,LMI,Both,2021,95.26459169201098,679.982468830898,1.505110814391341,10.970687373985244
BFA,Burkina Faso,African Region,LI,Male,2021,126.98825651280674,849.5318013518187,2.2082578467164624,16.151080794843388
BFA,Burkina Faso,African Region,LI,Female,2021,100.66160696326575,772.0887449152139,0.643007134551817,3.3942244294039496
BFA,Burkina Faso,African Region,LI,Both,2021,113.95656498578396,811.1974884156994,1.433458744194963,9.836436893950866
BGD,Bangladesh,South-East Asia Region,LMI,Male,2021,132.94849816508233,1061.3095464301337,3.501076398450755,6.3133048621124415
BGD,Bangladesh,South-East Asia Region,LMI,Female,2021,117.37012254235846,960.681302730929,2.5141663344480696,3.379718093485583
BGD,Bangladesh,South-East Asia Region,LMI,Both,2021,164.4005694669238,1011.4985657990272,3.0125559167694256,4.861179411642146
BGR,Bulgaria,European Region,HI,Male,2021,74.70327626813483,531.8068769379338,3.723828677245354,13.348567352704393
BGR,Bulgaria,European Region,HI,Female,2021,61.577194986127665,481.80995948168305,0.7079477576105944,3.874570725747069
BGR,Bulgaria,European Region,HI,Both,2021,68.20586603354128,507.0584027970897,2.27414606491046,8.658939022360517
BHR,Bahrain,Eastern Mediterranean Region,HI,Male,2021,111.09498143420568,873.6392055506801,0.6710848011019478,5.362854337097646
BHR,Bahrain,Eastern Mediterranean Region,HI,Female,2021,96.77697667569583,789.8053077600426,0.0979341890070205,1.3513517356380444
BHR,Bahrain,Eastern Mediterranean Region,HI,Both,2021,104.0075690787433,826.496578982699,0.396868885826701,3.377160549375144
BHS,Bahamas,Region of the Americas,HI,Male,2021,98.05296297919016,780.6912440506995,7.20204221494202,4.628431039349199
BHS,Bahamas,Region of the Americas,HI,Female,2021,86.46504096031991,707.2410042108737,1.409394988919761,0.7285989398901752
BHS,Bahamas,Region of the Americas,HI,Both,2021,92.3169415798494,744.3333753299859,4.334681838061003,2.6980141501169825
BIH,Bosnia and Herzegovina,European Region,UMI,Male,2021,78.50566451253296,571.5636569836219,5.3590364503159025,16.0231092211693
BIH,Bosnia and Herzegovina,European Region,UMI,Female,2021,65.22572245852798,686.5274678401325,0.9944990172330688,3.530981535341433
BIH,Bosnia and Herzegovina,European Region,UMI,Both,2021,71.93209319580048,545.3354634430441,3.1985904209398996,9.839506016684505
BLR,Belarus,European Region,UMI,Male,2021,99.51139838022182,662.972231457995,33.11257322387169,27.848722399431825
BLR,Belarus,European Region,UMI,Female,2021,79.74296325700517,601.4097119101517,10.113695039423048,1.6341896704836123
BLR,Belarus,European Region,UMI,Both,2021,117.9370443881662,632.4987842818126,21.127220036681237,16.66461526528787
BLZ,Belize,Region of the Americas,UMI,Male,2021,103.92376719576176,802.6586603337131,5.8964998196913605,12.0559180689795
BLZ,Belize,Region of the Americas,UMI,Female,2021,90.43290059667623,726.733867455581,0.5342629104243455,1.7840407046283095
BLZ,Belize,Region of the Americas,UMI,Both,2021,97.2457882292144,765.075887859038,3.242192549604189,6.97133877362566
BOL,Bolivia,Region of the Americas,LMI,Male,2021,87.59881234651186,658.8008459520665,8.105645924127781,9.77506568393996
BOL,Bolivia,Region of the Americas,LMI,Female,2021,75.1887824712929,604.5067114712009,1.189689943558343,4.015598972436012
BOL,Bolivia,Region of the Americas,LMI,Both,2021,81.45584755827848,627.9698304350401,4.676672323572649,7.044143804438759
BRA,Brazil,Region of the Americas,UMI,Male,2021,109.32742939470376,810.8881754549774,8.00418881343503,15.123828713440984
BRA,Brazil,Region of the Americas,UMI,Female,2021,92.82736822945392,734.630701087061,0.9659060188775964,3.9598512275566167
BRA,Brazil,Region of the Americas,UMI,Both,2021,101.15989911790513,773.1407256428588,4.520238830129101,9.597659857928225
BRB,Barbados,Region of the Americas,HI,Male,2021,90.1855157393111,711.4545809259051,3.797103559632757,8.270243774904271
BRB,Barbados,Region of the Americas,HI,Female,2021,78.95657263184128,323.94640114434276,0.4697155974172785,1.1063340732501985
BRB,Barbados,Region of the Americas,HI,Both,2021,84.62718890111354,677.4467164375516,2.1500465183360946,4.724108472585506
BRN,Brunei Darussalam,Western Pacific Region,HI,Male,2021,59.48560846372503,465.68698840567606,1.2006533377937234,5.582942093135929
BRN,Brunei Darussalam,Western Pacific Region,HI,Female,2021,51.99653845135992,423.3526980615427,0.4031642905461238,1.7029179355656865
BRN,Brunei Darussalam,Western Pacific Region,HI,Both,2021,55.77851880760431,444.73151468533007,0.8683684814762286,3.66233013513866
BTN,Bhutan,South-East Asia Region,LMI,Male,2021,86.53647277834237,646.5010102423175,2.224372823100089,9.855192111665422
BTN,Bhutan,South-East Asia Region,LMI,Female,2021,73.98034614749942,586.6097383058158,0.5599461231594889,6.326330485738954
BTN,Bhutan,South-East Asia Region,LMI,Both,2021,80.3211900960751,616.8548306337492,1.4004816066294925,8.10840560683182
BWA,Botswana,African Region,UMI,Male,2021,94.8620453588586,661.0032152129161,1.88269761447759,17.882845789590537
BWA,Botswana,African Region,UMI,Female,2021,76.68650745592173,597.040362936778,0.6617231935167485,4.6143372753903185
BWA,Botswana,African Region,UMI,Both,2021,85.86515409690486,629.3416033362276,1.2783152761019734,11.314934075061428
CAF,Central African Republic,African Region,LI,Male,2021,169.8336444862629,1169.843386932057,2.6491035793048936,28.839070385417628
CAF,Central African Republic,African Region,LI,Female,2021,138.58585088397734,1060.5607031618952,1.136613447446922,5.594276498623369
CAF,Central African Republic,African Region,LI,Both,2021,154.36598665313153,1115.7484584658268,1.900420964035198,17.077141913006997
CAN,Canada,Region of the Americas,HI,Male,2021,97.85838422337012,691.0443747339921,27.662361488435856,18.2708289849993
CAN,Canada,Region of the Americas,HI,Female,2021,81.36302139513013,623.8818432156155,9.58433040970722,6.059447883221777
CAN,Canada,Region of the Americas,HI,Both,2021,89.69317962339132,657.7989216323956,18.71373610446518,12.226195339619425
CHE,Switzerland,European Region,HI,Male,2021,141.65997001359784,1042.8825373659035,7.063518407864571,16.100631188107755
CHE,Switzerland,European Region,HI,Female,2021,66.47162489698698,514.8670244436221,2.242930039041503,6.107393246148804
CHE,Switzerland,European Region,HI,Both,2021,130.74167251824454,994.278412571383,4.677327165297152,11.153978406838077
CHL,Chile,Region of the Americas,HI,Male,2021,139.18580846482234,1056.6377427827224,3.5583728845451805,17.85416737847735
CHL,Chile,Region of the Americas,HI,Female,2021,118.99552277596013,954.681591276999,0.4947952125219274,4.1203904457626255
CHL,Chile,Region of the Americas,HI,Both,2021,129.19161704883555,1006.1694477873896,2.0419019368936704,11.055947796783562
CHN,China,Western Pacific Region,UMI,Male,2021,88.17738053652243,642.3827497399697,2.184515340419885,2.084513786288221
CHN,China,Western Pacific Region,UMI,Female,2021,74.14475495100629,585.9524605617627,0.3046083855348504,1.4180489592925576
CHN,China,Western Pacific Region,UMI,Both,2021,81.23123087169193,814.0638575367046,1.2539613977517927,5.816663454611138
CIV,Côte d'Ivoire,African Region,LMI,Male,2021,108.63469576821068,732.8202758573807,2.7717157510439105,18.46229728720027
CIV,Côte d'Ivoire,African Region,LMI,Female,2021,87.61312833393096,664.1001607526616,0.767201076229697,3.791662546015896
CIV,Côte d'Ivoire,African Region,LMI,Both,2021,98.2290198882422,698.8038188805446,1.779480987010875,11.200333090314002
CMR,Cameroon,African Region,LMI,Male,2021,114.3155985487185,761.1447213776662,2.898309511818112,21.25056968952183
CMR,Cameroon,African Region,LMI,Female,2021,90.77454626881826,686.9397480006606,0.9444681812639416,6.731155982288175
CMR,Cameroon,African Region,LMI,Both,2021,102.66277767016788,724.4132595560484,1.9311580531937975,13.216212303534762
COD,Democratic Republic of the Congo,African Region,LI,Male,2021,177.4248403860123,1247.868508913435,4.206462884619396,24.1255465327413
COD,Democratic Republic of the Congo,African Region,LI,Female,2021,143.7603836254128,1117.4233701021476,1.482231006909585,5.33711061430514
COD,Democratic Republic of the Congo,African Region,LI,Both,2021,160.76093428951552,1186.5453829737723,2.857979007557634,14.8252707531154
COG,Congo,African Region,LMI,Male,2021,179.9292822194192,1324.0548625454844,4.253233261922951,22.39974544503328
COG,Congo,African Region,LMI,Female,2021,151.72332838095218,1202.0510628659572,0.9257697905916008,4.684354940892394
COG,Congo,African Region,LMI,Both,2021,165.96733506937804,1263.6629817041185,2.606138843613932,13.630627145483542
COL,Colombia,Region of the Americas,UMI,Male,2021,73.04151910561072,532.4523335453636,1.002545472315992,11.78394356386049
COL,Colombia,Region of the Americas,UMI,Female,2021,60.53447157253562,480.86418699989736,0.1878140745644071,2.970617957330748
COL,Colombia,Region of the Americas,UMI,Both,2021,66.85053057673854,506.91620100535783,0.5992534304289575,7.421347388628268
COM,Comoros,African Region,LMI,Male,2021,117.06030596431825,856.3431779600911,1.592291061155919,12.028199587412878
COM,Comoros,African Region,LMI,Female,2021,98.13663229023966,772.4823442096653,0.7837698008333928,4.371320320172369
COM,Comoros,African Region,LMI,Both,2021,107.69308749564937,814.8320652536305,1.2372726581356552,8.238044350128828
CPV,Cabo Verde,African Region,LMI,Male,2021,108.30606129072012,676.4886830273596,1.8708715575499757,24.231849270970937
CPV,Cabo Verde,African Region,LMI,Female,2021,82.45476277206133,612.5962303527091,0.4480096734913161,3.96809652829704
CPV,Cabo Verde,African Region,LMI,Both,2021,95.509668523984,644.8619189534076,1.1665549249409393,14.201291663347352
CRI,Costa Rica,Region of the Americas,UMI,Male,2021,100.8978458118216,737.4773977516668,4.677378542443298,15.822024884758877
CRI,Costa Rica,Region of the Americas,UMI,Female,2021,83.95899260505288,285.87530101711815,0.4420726424460064,2.9399636795000736
CRI,Costa Rica,Region of the Americas,UMI,Both,2021,92.51311347447108,702.3803153337988,2.575597020325154,9.44540458815577
CUB,Cuba,Region of the Americas,UMI,Male,2021,109.8110294984114,770.0681389428272,7.523096587107113,29.771010249448675
CUB,Cuba,Region of the Americas,UMI,Female,2021,89.01229916382626,697.0219291283181,0.3850696066392386,6.905023487513454
CUB,Cuba,Region of the Americas,UMI,Both,2021,99.51565798279177,733.9102650846453,3.989773231775516,18.452346802290737
CYP,Cyprus,European Region,HI,Male,2021,76.25289332548041,595.403545096654,3.288725587875814,5.881763771241155
CYP,Cyprus,European Region,HI,Female,2021,66.17477892252967,539.2647861017507,0.6625442672353031,1.7087600762879769
CYP,Cyprus,European Region,HI,Both,2021,71.26422669601979,567.614859394177,1.9887658341587615,3.816126942239333
CZE,Czechia,European Region,HI,Male,2021,91.74643261378232,623.7672668796315,6.296516462439463,18.79636576456194
CZE,Czechia,European Region,HI,Female,2021,73.60860223570428,563.9258288421325,1.5890712858184686,4.215364741267777
CZE,Czechia,European Region,HI,Both,2021,82.76820657663369,263.7173843640591,3.9663311000120713,11.578770258031332
DEU,Germany,European Region,HI,Male,2021,116.73783219909804,850.8026924049384,10.965067528469277,19.904590216927765
DEU,Germany,European Region,HI,Female,2021,97.2241327913908,768.6702969414167,2.4004060375017704,6.605168422641732
DEU,Germany,European Region,HI,Both,2021,107.07855099228296,810.147156650495,6.725560090440361,13.32137642875618
DJI,Djibouti,Eastern Mediterranean Region,LMI,Male,2021,105.55696769102674,741.4969294329068,4.622476138723889,17.977178495376755
DJI,Djibouti,Eastern Mediterranean Region,LMI,Female,2021,87.09222310798508,672.4823135844971,2.304877760147438,6.499504097412782
DJI,Djibouti,Eastern Mediterranean Region,LMI,Both,2021,96.41691912242112,707.334694587944,3.4085379270825036,12.340252647316037
DNK,Denmark,European Region,HI,Male,2021,101.79623239077404,724.5766030248668,17.511859655068022,16.166296776128824
DNK,Denmark,European Region,HI,Female,2021,83.90429134154704,655.3314687116264,5.066601915407473,5.920719421032976
DNK,Denmark,European Region,HI,Both,2021,92.93972157140666,690.3002615398128,11.461018752415445,11.094735985356378
DOM,Dominican Republic,Region of the Americas,UMI,Male,2021,110.89807281732246,858.4133522528253,3.928461163744227,14.40556785778218
DOM,Dominican Republic,Region of the Americas,UMI,Female,2021,94.93621133974456,776.6284853592002,0.403661620271264,2.2362047987683367
DOM,Dominican Republic,Region of the Americas,UMI,Both,2021,102.9969513859214,817.9298431404808,2.183685389725111,8.381733143570328
DZA,Algeria,African Region,UMI,Male,2021,113.76550709838162,915.1476929464906,3.8066404053276264,5.157244494524033
DZA,Algeria,African Region,UMI,Female,2021,101.8423831175312,825.030783460543,0.996563942369966,2.162039817899481
DZA,Algeria,African Region,UMI,Both,2021,107.86356072786066,1152.3779365192445,2.415652556163584,3.761176862824181
ECU,Ecuador,Region of the Americas,UMI,Male,2021,101.93094058537709,342.7794571314491,2.9316467066120904,14.92601560635805
ECU,Ecuador,Region of the Americas,UMI,Female,2021,86.45892406677736,680.107858980045,0.3870084144905516,4.341683954100277
ECU,Ecuador,Region of the Americas,UMI,Both,2021,94.27229240867022,714.473026000374,1.6720507520119283,9.424288256141134
EGY,Egypt,Eastern Mediterranean Region,LMI,Male,2021,112.01387843785476,465.35143709352496,0.3096926550783722,1.380119919269435
EGY,Egypt,Eastern Mediterranean Region,LMI,Female,2021,100.7864064523179,837.4922930633661,0.0785321837182427,0.4654795073131411
EGY,Egypt,Eastern Mediterranean Region,LMI,Both,2021,106.45627980501402,882.9749487268421,0.1952682217551082,0.9273729153510696
ERI,Eritrea,African Region,LI,Male,2021,125.8454600444248,768.7435788053018,5.528506561317062,29.932525721454837
ERI,Eritrea,African Region,LI,Female,2021,95.646798038411,695.211291120889,3.562274640587818,8.607450403701161
ERI,Eritrea,African Region,LI,Both,2021,110.89712235144798,732.3450964015174,4.555221760556086,19.376613439166768
ESP,Spain,European Region,HI,Male,2021,106.75899611755362,800.6848458151362,3.4712820716815953,11.10924426208102
ESP,Spain,European Region,HI,Female,2021,91.90412145265005,724.7158476982377,0.9192289604740632,3.479263837745708
ESP,Spain,European Region,HI,Both,2021,99.40583315842632,763.0801917472713,2.2080157816338675,7.33240395203504
EST,Estonia,European Region,HI,Male,2021,90.44342553405656,578.2268294493202,26.759819668307987,21.38178664892788
EST,Estonia,European Region,HI,Female,2021,70.40363412008737,521.5473500451891,3.3160414446961073,4.497141289263528
EST,Estonia,European Region,HI,Both,2021,80.52372878414181,550.1704871442754,15.155149447620108,13.023887195894028
ETH,Ethiopia,African Region,LI,Male,2021,151.26752261994022,1112.214111907725,4.943202076426027,26.445031596891933
ETH,Ethiopia,African Region,LI,Female,2021,127.34741116263964,1006.7280014239903,3.6104279222012896,5.146229904125221
ETH,Ethiopia,African Region,LI,Both,2021,139.42706744857642,1059.9984872182763,4.289558397671265,12.420056905648671
FIN,Finland,European Region,HI,Male,2021,89.72999774448078,559.4264219909853,16.523352545032015,8.255254028541083
FIN,Finland,European Region,HI,Female,2021,70.0907858260611,506.2933809852826,5.272165001395517,8.145266421861072
FIN,Finland,European Region,HI,Both,2021,80.00858784486304,533.1255666931625,10.907004073916683,14.852972337986447
FJI,Fiji,Western Pacific Region,UMI,Male,2021,36.47636533876353,562.1764591745447,0.3875649113657839,12.30180244120746
FJI,Fiji,Western Pacific Region,UMI,Female,2021,65.65229954734112,507.5461210669567,0.0234050242406891,5.143767131946283
FJI,Fiji,Western Pacific Region,UMI,Both,2021,73.21543084939147,535.1344418112886,0.207305767238862,8.758574963123179
FRA,France,European Region,HI,Male,2021,109.77693892802174,757.3885713397693,8.265274232997154,22.652504954889483
FRA,France,European Region,HI,Female,2021,48.63871484366496,681.2684975741121,2.409760996625969,1.5988744196032476
FRA,France,European Region,HI,Both,2021,99.6075431152962,719.709134825769,5.345571552379622,14.604876301689318
FSM,Micronesia (Federated States of),Western Pacific Region,LMI,Male,2021,60.13463099098702,674.1286119714146,4.585397649589461,24.081756090389646
FSM,Micronesia (Federated States of),Western Pacific Region,LMI,Female,2021,85.81457337913895,614.0902258632783,0.1648748806823627,3.2530944635593455
FSM,Micronesia (Federated States of),Western Pacific Region,LMI,Both,2021,101.16863093768642,646.2036405402253,2.397238878980447,14.470291361443511
GAB,Gabon,African Region,UMI,Male,2021,160.8119649545288,1174.6881666381205,4.0366970783892455,28.91418601991289
GAB,Gabon,African Region,UMI,Female,2021,132.8138036982717,1062.7270290401952,0.9750590818146286,4.233083013273071
GAB,Gabon,African Region,UMI,Both,2021,146.65488669883482,1119.2674035271475,2.52118627008481,16.697040031626177
GBR,United Kingdom of Great Britain and Northern Ireland,European Region,HI,Male,2021,179.2441436870278,1362.968742125866,13.230450572643962,13.54006469661485
GBR,United Kingdom of Great Britain and Northern Ireland,European Region,HI,Female,2021,154.53145249295173,1237.7759721165048,5.164331180015045,4.346526486112877
GBR,United Kingdom of Great Britain and Northern Ireland,European Region,HI,Both,2021,167.01136154596014,1300.998320971232,9.237721473292646,8.98926328241637
GEO,Georgia,European Region,UMI,Male,2021,110.36377094202489,848.5862226859383,19.994393085113813,12.911363429051145
GEO,Georgia,European Region,UMI,Female,2021,94.95764409451677,767.109788302252,8.50609859175181,2.118103287841305
GEO,Georgia,European Region,UMI,Both,2021,102.73773815250834,808.2553876660136,14.307687310899624,7.568699659152274
GHA,Ghana,African Region,LMI,Male,2021,123.4288421369946,920.5642163860224,2.99963029253191,18.058410679394928
GHA,Ghana,African Region,LMI,Female,2021,104.56468919756598,835.4761371502647,0.9193770666545932,4.355473112336085
GHA,Ghana,African Region,LMI,Both,2021,114.09108643197744,878.4456171643224,1.9797638179087695,11.275456583700803
GIN,Guinea,African Region,LMI,Male,2021,111.42139350486516,800.279891961794,2.2629829630395357,16.713812543585764
GIN,Guinea,African Region,LMI,Female,2021,92.04467226340331,719.9181574929852,0.9407708680761144,5.4311291986889065
GIN,Guinea,African Region,LMI,Both,2021,101.95361462714514,760.5008333997338,1.6084879760326425,11.12888428786182
GMB,Gambia,African Region,LI,Male,2021,95.476852063456,686.3377768642974,1.64203742133645,12.22567968789348
GMB,Gambia,African Region,LI,Female,2021,79.38557766625124,623.46559430441,0.5909521920355223,3.448320794662021
GMB,Gambia,African Region,LI,Both,2021,87.51167123683965,655.2160464971531,1.1217502328324909,7.880887035743906
GNB,Guinea-Bissau,African Region,LI,Male,2021,103.67007043709572,702.260472140973,2.403602880848292,17.31087355610454
GNB,Guinea-Bissau,African Region,LI,Female,2021,111.6576004354606,874.8449266014323,1.1562796396797033,6.457575871060195
GNB,Guinea-Bissau,African Region,LI,Both,2021,94.1841414565208,668.8759803884797,1.7861778764698402,11.938491202007588
GNQ,Equatorial Guinea,African Region,UMI,Male,2021,144.6652338424659,1047.431654903506,7.335177797451763,25.711803528959653
GNQ,Equatorial Guinea,African Region,UMI,Female,2021,119.88354193376092,945.1514076469916,1.140212702590165,4.826203109154866
GNQ,Equatorial Guinea,African Region,UMI,Both,2021,132.39829634765692,996.8029325115313,4.268670075495272,15.373431321156284
GRC,Greece,European Region,HI,Male,2021,139.4331029066278,1104.0340470246977,5.323425262725909,6.7702273610709005
GRC,Greece,European Region,HI,Female,2021,121.89600708227778,996.1052177826105,0.894116417427901,1.539068145595472
GRC,Greece,European Region,HI,Both,2021,130.75224047357457,1319.9869869063166,3.1309173843033946,4.180803549410562
GRD,Grenada,Region of the Americas,UMI,Male,2021,101.12476713177288,815.0735974964048,9.946911727214536,7.27710871197588
GRD,Grenada,Region of the Americas,UMI,Female,2021,89.40113165821177,734.839937155837,1.2954957012676844,0.7447220166855967
GRD,Grenada,Region of the Americas,UMI,Both,2021,95.32156757236014,775.3579356278238,5.664460794370844,4.0435772978071896
GTM,Guatemala,Region of the Americas,UMI,Male,2021,119.38038170090658,903.4309662558182,28.071400008415623,8.59204159120679
GTM,Guatemala,Region of the Americas,UMI,Female,2021,101.47465857812976,819.2613089696246,2.493802255670024,2.858597135228237
GTM,Guatemala,Region of the Americas,UMI,Both,2021,110.51704875513204,861.7669858991521,15.41048912080655,5.961230781883587
GUY,Guyana,Region of the Americas,HI,Male,2021,129.6117471864396,724.144153443656,5.540098472832836,44.99485351090917
GUY,Guyana,Region of the Americas,HI,Female,2021,93.01127165312715,294.8979117917079,1.0513599896099155,8.432930120864807
GUY,Guyana,Region of the Americas,HI,Both,2021,111.49451179744996,690.5596684552243,3.31315934383052,26.89670143283721
HND,Honduras,Region of the Americas,LMI,Male,2021,95.79940243295104,736.9063293411353,8.726533008695286,7.874863303845085
HND,Honduras,Region of the Americas,LMI,Female,2021,81.28922490210448,666.5570413137825,0.5481428985130385,1.2517595666286538
HND,Honduras,Region of the Americas,LMI,Both,2021,88.61686455518199,308.747242985605,4.6782299041550734,4.596426953922951
HRV,Croatia,European Region,HI,Male,2021,33.175646587105554,421.7878197644344,12.656845690256509,21.537755187255016
HRV,Croatia,European Region,HI,Female,2021,51.97209392738931,382.38515625440607,1.7867627044638,7.756645809390505
HRV,Croatia,European Region,HI,Both,2021,60.35019488037174,402.28350132697045,7.268493442685294,13.653779507666034
HTI,Haiti,Region of the Americas,LMI,Male,2021,66.0669801200503,1029.0930380883417,9.053465813454697,9.67844277920779
HTI,Haiti,Region of the Americas,LMI,Female,2021,118.18668728157212,930.3870300228244,1.754538882256879,3.067470001717828
HTI,Haiti,Region of the Americas,LMI,Both,2021,129.1315948501012,980.2335640959104,5.440496982511776,6.406011254350259
HUN,Hungary,European Region,HI,Male,2021,95.012805998239,623.5780953804065,9.592058021019,25.115860961016264
HUN,Hungary,European Region,HI,Female,2021,74.80623887446298,566.1656011312632,1.7322074123082478,7.284393557461955
HUN,Hungary,European Region,HI,Both,2021,85.01055527196986,595.1589107270804,5.701431969707178,16.28928459625688
IDN,Indonesia,South-East Asia Region,UMI,Male,2021,60.07663733899014,472.9918338680784,0.4842502107892349,2.5395538677350347
IDN,Indonesia,South-East Asia Region,UMI,Female,2021,51.71708936734588,427.24640712260384,0.1765171071088648,1.329066594225201
IDN,Indonesia,South-East Asia Region,UMI,Both,2021,55.938661093026234,450.3478476290685,0.3319223244674518,1.9403626673476668
IND,India,South-East Asia Region,LMI,Male,2021,113.55494243065944,773.8789911336368,2.5591323347660837,17.41746388233193
IND,India,South-East Asia Region,LMI,Female,2021,91.7820105692167,699.5730451583286,0.6063071823647171,12.138619220742076
IND,India,South-East Asia Region,LMI,Both,2021,102.77734115924528,737.0975478758593,1.5866942040214544,14.804435774844954
IRL,Ireland,European Region,HI,Male,2021,101.16494649850549,731.4633061555845,8.678377481296453,12.353766666910166
IRL,Ireland,European Region,HI,Female,2021,84.54506986922891,841.3955312786683,3.4043972699805924,3.5523976816146976
IRL,Ireland,European Region,HI,Both,2021,92.9381075670136,697.1185085759749,6.0922777862159085,7.997089019188911
IRN,Iran (Islamic Republic of),Eastern Mediterranean Region,UMI,Male,2021,103.33067504104434,807.0889818285967,5.220924297931307,7.697952381352369
IRN,Iran (Islamic Republic of),Eastern Mediterranean Region,UMI,Female,2021,90.68242784501652,731.4944968778327,1.063758940992679,3.0998310987846662
IRN,Iran (Islamic Republic of),Eastern Mediterranean Region,UMI,Both,2021,97.06979267901058,769.6697117779686,3.1631274462466856,5.421882346481357
IRQ,Iraq,Eastern Mediterranean Region,UMI,Male,2021,118.67070829234204,921.3896353515968,4.159946157328099,11.291932786746283
IRQ,Iraq,Eastern Mediterranean Region,UMI,Female,2021,103.34830018230156,831.3001120936788,0.8340493120613658,3.4268790531890936
IRQ,Iraq,Eastern Mediterranean Region,UMI,Both,2021,111.086116277872,876.7953213389275,2.5136272189210653,7.398731188635475
ISL,Iceland,European Region,HI,Male,2021,134.40781518427752,959.333487259408,11.379263651480302,17.94491571989835
ISL,Iceland,European Region,HI,Female,2021,111.7206955564455,869.1253250003874,5.51201157378015,5.338232939497341
ISL,Iceland,European Region,HI,Both,2021,123.17769096850068,914.6804469411928,8.459145658003573,11.70460774359985
ISR,Israel,European Region,HI,Male,2021,123.14749093409006,982.6957266078628,3.631157818691923,9.935817945894952
ISR,Israel,European Region,HI,Female,2021,109.10913831620712,886.0943876969015,0.6791669686388531,0.6853767538657205
ISR,Israel,European Region,HI,Both,2021,116.9221894375646,934.878063846937,2.1699223479156533,6.2047468657466585
ITA,Italy,European Region,HI,Male,2021,60.86751490379128,438.6046649136978,1.7963930993394848,9.034694593423438
ITA,Italy,European Region,HI,Female,2021,50.53446334086162,397.0820472549164,0.4236864942099595,2.34422129065023
ITA,Italy,European Region,HI,Both,2021,55.7526543801411,418.050969172601,1.119299310056309,5.7229103085507
JAM,Jamaica,Region of the Americas,UMI,Male,2021,100.50800940651536,815.8641801110016,1.0903232262952829,3.100999234897023
JAM,Jamaica,Region of the Americas,UMI,Female,2021,89.81210649310972,738.4598400013788,0.2126631289713949,0.4305422770365644
JAM,Jamaica,Region of the Americas,UMI,Both,2021,95.21353746437958,777.5490317567383,0.6573834713438804,1.7791230407560956
JOR,Jordan,Eastern Mediterranean Region,LMI,Male,2021,118.861349757843,983.1342806866464,0.2581002100156592,2.140665741042441
JOR,Jordan,Eastern Mediterranean Region,LMI,Female,2021,106.91665015842776,890.4263214277017,0.1139492901107259,0.542184225123923
JOR,Jordan,Eastern Mediterranean Region,LMI,Both,2021,112.94872345613246,937.2438408534688,0.1867455046627172,1.0885962041947643
JPN,Japan,Western Pacific Region,HI,Male,2021,88.75091137910893,553.3816146250019,0.7715632538680806,24.248771066353218
JPN,Japan,Western Pacific Region,HI,Female,2021,70.05079797268486,501.0603175938468,0.2719328050968714,10.947659922482725
JPN,Japan,Western Pacific Region,HI,Both,2021,79.49435524292902,527.4825725945801,0.524246181726332,17.664721050137324
KAZ,Kazakhstan,European Region,UMI,Male,2021,98.41747165258256,591.4161357767235,10.583696978572204,30.172458176131897
KAZ,Kazakhstan,European Region,UMI,Female,2021,97.23532513660275,534.8510525276089,2.708431891229487,5.4370192370261785
KAZ,Kazakhstan,European Region,UMI,Both,2021,86.44428002573014,563.4164195684117,6.685440760337559,17.928415901274562
KEN,Kenya,African Region,LMI,Male,2021,101.49715042105574,721.5917870915713,3.635387603690374,18.39225343396605
KEN,Kenya,African Region,LMI,Female,2021,82.97579703448929,655.4372437277193,2.2304376550139406,4.779205300032366
KEN,Kenya,African Region,LMI,Both,2021,92.72073860228784,692.3546133943322,2.9242780266964807,11.653794607668877
KGZ,Kyrgyzstan,European Region,LMI,Male,2021,46.27575720478943,663.4868662123363,9.947481305669593,9.548883036544089
KGZ,Kyrgyzstan,European Region,LMI,Female,2021,77.46868933269988,605.1810455894419,1.8582934761369512,2.5452040939858955
KGZ,Kyrgyzstan,European Region,LMI,Both,2021,85.40471184225053,637.624291085294,5.8230514660050465,6.082061959977783
KHM,Cambodia,Western Pacific Region,LMI,Male,2021,75.43389005761505,555.7366992802267,1.705757431190159,6.676748730313944
KHM,Cambodia,Western Pacific Region,LMI,Female,2021,63.823786115990714,501.8193910950162,0.1465071816595269,2.623264643891398
KHM,Cambodia,Western Pacific Region,LMI,Both,2021,69.686888606511,529.0476317285476,0.9339285576724962,4.670274107534784
KIR,Kiribati,Western Pacific Region,LMI,Male,2021,129.08852050078573,809.3795064478509,9.770414541463342,24.06201712452274
KIR,Kiribati,Western Pacific Region,LMI,Female,2021,100.12793722218052,981.8881528701502,0.5767700903814729,3.337654822978284
KIR,Kiribati,Western Pacific Region,LMI,Both,2021,114.75303177787612,772.1296070984905,5.2195605381778165,13.803457785258232
KOR,Republic of Korea,Western Pacific Region,HI,Male,2021,92.82540579741932,504.9944532530072,2.3688997195063513,30.824025659500567
KOR,Republic of Korea,Western Pacific Region,HI,Female,2021,67.50344177871884,457.2727206757254,0.4455572987408178,13.395882831213198
KOR,Republic of Korea,Western Pacific Region,HI,Both,2021,80.29103360816255,576.6454886798743,1.416845221227412,22.19709495949832
KWT,Kuwait,Eastern Mediterranean Region,HI,Male,2021,106.754092063229,857.693049865501,1.4164183254953389,3.1065384882901417
KWT,Kuwait,Eastern Mediterranean Region,HI,Female,2021,95.15858019692676,778.686289130049,0.1090738986004307,1.3597093842868984
KWT,Kuwait,Eastern Mediterranean Region,HI,Both,2021,101.0143136894094,818.5847033014521,0.7692828341823593,2.241858081808536
LAO,Lao People's Democratic Republic,Western Pacific Region,LMI,Male,2021,67.70752408332292,488.68043379980344,2.5583939869083783,7.369626344812515
LAO,Lao People's Democratic Republic,Western Pacific Region,LMI,Female,2021,54.503737561731334,441.60474895461755,0.2783843462178718,2.875165179702314
LAO,Lao People's Democratic Republic,Western Pacific Region,LMI,Both,2021,61.17164975513508,465.37796980143634,1.43128482659633,5.144868068082967
LBN,Lebanon,Eastern Mediterranean Region,LMI,Male,2021,148.30378101909417,1223.36121380568,0.7677232562896643,1.7967612535541737
LBN,Lebanon,Eastern Mediterranean Region,LMI,Female,2021,132.27093272047478,523.6885796650924,0.4910539330971094,0.5829653343126203
LBN,Lebanon,Eastern Mediterranean Region,LMI,Both,2021,140.36752111127757,1165.7516883757305,0.6307719413093497,1.4159272115387491
LBR,Liberia,African Region,LI,Male,2021,103.28549783156872,730.0685781268064,3.4226764503693774,14.926934849749385
LBR,Liberia,African Region,LI,Female,2021,85.68504482178615,658.5309145980777,1.0314637150420742,6.103713970083843
LBR,Liberia,African Region,LI,Both,2021,94.57327359172636,694.6574346800855,2.239026146382362,10.55944051431494
LBY,Libya,Eastern Mediterranean Region,UMI,Male,2021,133.56260670528076,1043.0114119920374,3.877943624337735,6.901355408946694
LBY,Libya,Eastern Mediterranean Region,UMI,Female,2021,115.69281235657736,942.766658690818,0.8774200266079659,2.297317367062197
LBY,Libya,Eastern Mediterranean Region,UMI,Both,2021,124.7170585026726,993.3902591079336,2.3926844434614996,4.622356578213869
LCA,Saint Lucia,Region of the Americas,UMI,Male,2021,103.60136144779293,791.040755620957,6.472450920562244,11.63991274430567
LCA,Saint Lucia,Region of the Americas,UMI,Female,2021,88.51961099861902,715.170414552563,1.8358698632966928,1.0822412067064282
LCA,Saint Lucia,Region of the Americas,UMI,Both,2021,96.13589497545183,753.484936792102,4.177343297215795,6.413865333194047
LKA,Sri Lanka,South-East Asia Region,LMI,Male,2021,88.20632425568805,536.0390781660021,2.9475128434644065,24.102395744868858
LKA,Sri Lanka,South-East Asia Region,LMI,Female,2021,66.70970660613409,485.06543673540176,0.4255836807071065,5.940761010968745
LKA,Sri Lanka,South-East Asia Region,LMI,Both,2021,77.56549851915884,510.8071256578549,1.6991579078995425,15.112386551588305
LSO,Lesotho,African Region,LMI,Male,2021,152.90256268183853,741.7570779218627,2.824972984166122,46.63140366922778
LSO,Lesotho,African Region,LMI,Female,2021,102.19194916396782,667.3137848244343,1.308086510945163,8.44388752400792
LSO,Lesotho,African Region,LMI,Both,2021,127.80080899049253,704.9076478386356,2.074114179921747,38.33973649116722
LTU,Lithuania,European Region,HI,Male,2021,121.8234980364246,767.1411855959981,17.34444505535188,36.9321663132547
LTU,Lithuania,European Region,HI,Female,2021,93.95289115625891,695.2188817630962,2.9598075597186413,6.819104096739659
LTU,Lithuania,European Region,HI,Both,2021,108.0275476307426,731.5396451987114,10.225650603578446,33.06722764911601
LUX,Luxembourg,European Region,HI,Male,2021,118.29886204871325,895.3504868533997,8.115753055376917,11.459677366545655
LUX,Luxembourg,European Region,HI,Female,2021,101.81175387313483,812.4398699627786,2.973024425149244,3.9789351018576418
LUX,Luxembourg,European Region,HI,Both,2021,139.75344308962704,854.3097314925423,5.570102383414218,7.75670994552509
LVA,Latvia,European Region,HI,Male,2021,99.60318815828684,632.2058186460597,21.74288703070568,29.076952279083653
LVA,Latvia,European Region,HI,Female,2021,77.79208500308788,572.594468168683,3.1772176569272355,5.166276727352196
LVA,Latvia,European Region,HI,Both,2021,88.80669209646335,602.6982001597581,12.552880690685353,4.0783755859120765
MAR,Morocco,Eastern Mediterranean Region,LMI,Male,2021,117.7640413797494,932.0997096276702,3.551360159208567,5.161683497732388
MAR,Morocco,Eastern Mediterranean Region,LMI,Female,2021,102.74325387576286,842.6900323080124,1.7486300617638275,2.497837171822531
MAR,Morocco,Eastern Mediterranean Region,LMI,Both,2021,110.32875156527604,887.8419193544398,2.6590087609734208,3.8430795664070097
MDA,Republic of Moldova,European Region,UMI,Male,2021,98.82974270088565,652.2951134092124,11.900177038003346,21.742659878154974
MDA,Republic of Moldova,European Region,UMI,Female,2021,79.6575834070753,788.6088913477156,2.2739176484264796,3.453727519198591
MDA,Republic of Moldova,European Region,UMI,Both,2021,88.95935746383792,622.669588450848,7.167777606398314,12.689638360471566
MDG,Madagascar,African Region,LI,Male,2021,117.84395869788575,835.9391850896144,6.851294248776961,22.10594581746348
MDG,Madagascar,African Region,LI,Female,2021,98.4614229161756,757.4882677848148,3.573575819623016,2.4133602972771446
MDG,Madagascar,African Region,LI,Both,2021,108.24960348593925,797.1059810237388,5.227763840491623,14.33629235951952
MDV,Maldives,South-East Asia Region,UMI,Male,2021,62.51813961545206,500.0435181161509,0.7425989180233358,3.4651432115805636
MDV,Maldives,South-East Asia Region,UMI,Female,2021,53.97685914959445,452.5386558445504,0.1153143138159472,0.5360924408411484
MDV,Maldives,South-East Asia Region,UMI,Both,2021,58.29020578485255,476.5286112917086,0.4404767400288363,2.0152630800645532
MEX,Mexico,Region of the Americas,UMI,Male,2021,92.18920820608813,664.0493118834229,4.438998210737721,16.669924687589745
MEX,Mexico,Region of the Americas,UMI,Female,2021,76.43942500836235,602.5022343611327,0.3765642178443951,2.907856969920158
MEX,Mexico,Region of the Americas,UMI,Both,2021,84.39306552321383,831.410879256939,2.427881658180827,7.908785220768053
MKD,North Macedonia,European Region,UMI,Male,2021,66.56224675794134,481.0173936072215,2.9210845495246915,11.12444395975949
MKD,North Macedonia,European Region,UMI,Female,2021,54.275958863400184,435.67873699432903,0.4046681244533771,0.9980930693523088
MKD,North Macedonia,European Region,UMI,Both,2021,60.480534250143464,458.57475858383975,1.6754584191143909,7.402476807164754
MLI,Mali,African Region,LI,Male,2021,97.80578240070176,697.520286401801,1.7611185866259642,11.325485852662244
MLI,Mali,African Region,LI,Female,2021,80.68047529318234,632.6676015691139,0.7510307519586501,4.236568703546597
MLI,Mali,African Region,LI,Both,2021,89.32875538247963,665.4182074096208,1.261125108465644,7.816471863849999
MLT,Malta,European Region,HI,Male,2021,62.61575300791886,446.08532754223256,2.9145954063903132,5.942399096830527
MLT,Malta,European Region,HI,Female,2021,52.36179892355957,403.7945289343616,0.4592653643967395,1.3357662571046791
MLT,Malta,European Region,HI,Both,2021,57.540045736161,425.1513822313364,1.699207035603494,3.6621158411662313
MMR,Myanmar,South-East Asia Region,LMI,Male,2021,84.36111619850942,642.1672254566079,38.553825628785184,10.64831479449937
MMR,Myanmar,South-East Asia Region,LMI,Female,2021,72.33697606741966,582.2755921661599,0.2423943907620801,2.2920697821476534
MMR,Myanmar,South-East Asia Region,LMI,Both,2021,78.40916683361998,612.5208669778361,18.61518663151485,6.511973513385271
MNE,Montenegro,European Region,UMI,Male,2021,76.77274055952583,503.18453534554214,2.3784529087771413,20.907257136729427
MNE,Montenegro,European Region,UMI,Female,2021,59.85340156804086,455.80283000178093,0.5333536326976759,6.020819887875928
MNE,Montenegro,European Region,UMI,Both,2021,68.39766775874078,479.7305912003804,1.4850942323038343,13.538470698546943
MNG,Mongolia,Western Pacific Region,UMI,Male,2021,118.16697953932125,665.7117891374921,47.03759518278545,32.45550542405917
MNG,Mongolia,Western Pacific Region,UMI,Female,2021,86.61931174772684,602.2311041394893,8.30473292399371,3.468839268373076
MNG,Mongolia,Western Pacific Region,UMI,Both,2021,102.550883982482,634.2888500634808,27.86482836468354,18.107105676994554
MOZ,Mozambique,African Region,LI,Male,2021,120.80499003725993,753.9822154710421,2.2429564210159283,14.34702193819501
MOZ,Mozambique,African Region,LI,Female,2021,92.37315185150749,680.7508843343551,0.8440840602904529,3.0898370162719337
MOZ,Mozambique,African Region,LI,Both,2021,106.73123013531249,717.732706558382,1.550514602456818,8.774715401843087
MRT,Mauritania,African Region,LMI,Male,2021,88.39268237329505,667.4607481531389,2.06608251290921,12.874053325148925
MRT,Mauritania,African Region,LMI,Female,2021,76.18543787249793,602.5914511630424,0.8782939807938415,3.87989809675856
MRT,Mauritania,African Region,LMI,Both,2021,81.41902234090101,635.350446143041,1.4781271895121024,8.421946487095692
MUS,Mauritius,African Region,UMI,Male,2021,135.8267409579249,995.1829565431538,14.653039639383405,16.741122827661886
MUS,Mauritius,African Region,UMI,Female,2021,114.02437536115784,899.2796594902353,0.8952602259570224,3.7483077744231057
MUS,Mauritius,African Region,UMI,Both,2021,125.03456998752524,947.7108245019592,7.842938829737347,10.30967937630869
MWI,Malawi,African Region,LI,Male,2021,119.83971445578152,786.2980451051448,6.396358703154419,27.6604809937332
MWI,Malawi,African Region,LI,Female,2021,93.73510609224653,712.3113067834198,1.5863312319667802,6.730389910806414
MWI,Malawi,African Region,LI,Both,2021,106.91793331583168,739.2508098328302,4.017052555850111,17.300085907684437
MYS,Malaysia,Western Pacific Region,UMI,Male,2021,101.12411285799686,765.7073789553008,0.6702788046261535,5.458243369390859
MYS,Malaysia,Western Pacific Region,UMI,Female,2021,86.7024918494401,691.1528948827856,0.2220626095999339,1.444879981662755
MYS,Malaysia,Western Pacific Region,UMI,Both,2021,93.98541045876124,728.8029093394058,0.448630318359728,3.4716284924654475
NAM,Namibia,African Region,UMI,Male,2021,95.0688603480982,628.6404881613244,2.939409004176571,28.04150187160622
NAM,Namibia,African Region,UMI,Female,2021,74.896169921522,565.678617862013,1.1644140029130188,5.696969598416787
NAM,Namibia,African Region,UMI,Both,2021,85.083378586943,597.4743623631653,2.0607864785511123,16.98095839637745
NER,Niger,African Region,LI,Male,2021,107.21884760439158,765.7030185823219,1.9859515024503789,13.193005667687682
NER,Niger,African Region,LI,Female,2021,89.85533295551996,936.9165897119184,0.6590704426410867,4.894481401555018
NER,Niger,African Region,LI,Both,2021,98.62390785320014,729.974872050707,1.329145377844779,9.085236155952016
NGA,Nigeria,African Region,LMI,Male,2021,123.86707533585032,913.5579015662084,2.98178036381536,6.833971058962591
NGA,Nigeria,African Region,LMI,Female,2021,105.25113151143704,825.8520284463449,0.6881601147063233,2.3820689854569963
NGA,Nigeria,African Region,LMI,Both,2021,114.65218314276576,870.143494371876,1.8464383405063869,4.630279532577322
NIC,Nicaragua,Region of the Americas,LMI,Male,2021,43.4080865190871,640.9725550346928,10.3168506527979,14.761218385009348
NIC,Nicaragua,Region of the Americas,LMI,Female,2021,72.01363438898434,580.4371628322612,0.5595554771566216,4.07411380128521
NIC,Nicaragua,Region of the Americas,LMI,Both,2021,77.26686699929452,611.0075358944891,5.486989540855467,9.471101616065898
NLD,Netherlands (Kingdom of the),European Region,HI,Male,2021,160.5564092037527,1210.8739839166528,5.4827922049886295,4.847800192860605
NLD,Netherlands (Kingdom of the),European Region,HI,Female,2021,136.5316396990541,1096.2196772395428,1.1790627199061283,6.177216329753507
NLD,Netherlands (Kingdom of the),European Region,HI,Both,2021,148.66414829892688,1154.1201021114834,3.3524461098727913,10.380857178822582
NOR,Norway,European Region,HI,Male,2021,87.6248519514864,562.9580506309554,9.088008661994072,14.19428799922755
NOR,Norway,European Region,HI,Female,2021,69.62653430947323,523.3359999539136,3.4682517695837225,5.296418512082119
NOR,Norway,European Region,HI,Both,2021,78.71568471868989,550.4935797631694,6.30622900025095,9.789842603090564
NPL,Nepal,South-East Asia Region,LMI,Male,2021,90.4439772401666,611.6810850507115,2.107896110831121,19.144195380278635
NPL,Nepal,South-East Asia Region,LMI,Female,2021,72.92553816960529,550.1018707610505,0.3018405725909315,11.310415791248673
NPL,Nepal,South-East Asia Region,LMI,Both,2021,81.77234990023875,581.1993739773293,1.217137228089096,15.868843081357152
NZL,New Zealand,Western Pacific Region,HI,Male,2021,95.98427843870344,639.6655874417545,4.992670376554254,18.56251411135264
NZL,New Zealand,Western Pacific Region,HI,Female,2021,76.69483975558732,581.1006534812362,2.216487126370426,6.957505978720411
NZL,New Zealand,Western Pacific Region,HI,Both,2021,86.43600629056095,610.675945131298,3.618459667713259,12.81803508569969
OMN,Oman,Eastern Mediterranean Region,HI,Male,2021,94.01199080431093,764.8132575440632,0.5437390095365611,1.8584060700628835
OMN,Oman,Eastern Mediterranean Region,HI,Female,2021,84.28622667391012,691.4901066473789,0.0982324537489497,0.3589032909393822
OMN,Oman,Eastern Mediterranean Region,HI,Both,2021,89.19773755976252,728.5182978502044,0.3232132644216934,1.1275264604669637
PAK,Pakistan,Eastern Mediterranean Region,LMI,Male,2021,126.9537493956812,969.5559684771414,1.5629371567855417,12.4793970782903
PAK,Pakistan,Eastern Mediterranean Region,LMI,Female,2021,145.8504917054603,881.850438337054,0.443046837802186,3.925079259290336
PAK,Pakistan,Eastern Mediterranean Region,LMI,Both,2021,118.79015434745726,926.141731057798,0.9919376154471368,8.245009757885319
PAN,Panama,Region of the Americas,HI,Male,2021,80.11650566270028,622.0128070056702,1.591723643615257,10.719619810198934
PAN,Panama,Region of the Americas,HI,Female,2021,69.03590110555356,561.5208739127911,0.2803055640544934,1.9647043611528208
PAN,Panama,Region of the Americas,HI,Both,2021,36.869113989126504,592.0693001246951,0.9425716942326792,6.385936662921108
PER,Peru,Region of the Americas,UMI,Male,2021,88.31603930943973,710.101837037755,2.26390990659639,6.263673386130609
PER,Peru,Region of the Americas,UMI,Female,2021,77.7875957664604,641.8029930986299,0.559837514468984,2.091890704217245
PER,Peru,Region of the Americas,UMI,Both,2021,82.80750479540207,676.2939092878881,1.4027606640042052,4.198640958583494
PHL,Philippines,Western Pacific Region,LMI,Male,2021,70.34647771054928,534.3101580126848,1.698600223318195,6.565822624331106
PHL,Philippines,Western Pacific Region,LMI,Female,2021,60.75276993883155,484.896796738419,0.1770038946121216,1.504985547945756
PHL,Philippines,Western Pacific Region,LMI,Both,2021,65.597592363549,509.8505441819233,0.9471219175777128,4.060708271520359
PNG,Papua New Guinea,Western Pacific Region,LMI,Male,2021,84.72772739833243,674.086192974705,2.461820844286668,3.5456737570083705
PNG,Papua New Guinea,Western Pacific Region,LMI,Female,2021,100.41341538600138,608.539176039707,0.0588058079265563,2.5367726291950743
PNG,Papua New Guinea,Western Pacific Region,LMI,Both,2021,79.92201362730482,641.640419591881,1.2723284012884126,3.046267698740789
POL,Poland,European Region,HI,Male,2021,81.3715453842358,514.3770057748558,19.65411676889092,22.02909098174278
POL,Poland,European Region,HI,Female,2021,62.13249540266849,461.11489006355913,2.9561309039503714,3.488819486666971
POL,Poland,European Region,HI,Both,2021,71.84821564335998,645.9338293001764,11.388613765745346,12.85165659168025
PRK,Democratic People's Republic of Korea,South-East Asia Region,LI,Male,2021,97.1638421206346,294.28265786269975,2.947908430266133,9.994211592117276
PRK,Democratic People's Republic of Korea,South-East Asia Region,LI,Female,2021,81.35685107425685,632.8631056907254,0.6567443023552515,5.945716600374537
PRK,Democratic People's Republic of Korea,South-East Asia Region,LI,Both,2021,89.33938155267762,668.2752724365824,1.8137821869502464,7.990206571204619
PRT,Portugal,European Region,HI,Male,2021,117.02903627756864,877.5724313382666,3.591416908026404,3.70179260443719
PRT,Portugal,European Region,HI,Female,2021,99.66858626596876,792.3261756741281,0.7942570792038561,5.161857699595778
PRT,Portugal,European Region,HI,Both,2021,57.774458090172125,835.375534784518,2.2068227927592425,11.753328465014022
PRY,Paraguay,Region of the Americas,UMI,Male,2021,95.11945201481082,703.072058454302,10.257528424141874,16.231608561649566
PRY,Paraguay,Region of the Americas,UMI,Female,2021,80.00354995716255,636.9258261837028,0.8515817574094782,5.380006977440713
PRY,Paraguay,Region of the Americas,UMI,Both,2021,86.3061928455923,885.5904202844317,5.704294095470678,13.874991162340306
QAT,Qatar,Eastern Mediterranean Region,HI,Male,2021,91.02779266242942,701.3521026972905,0.1733139898283381,3.7413859462650096
QAT,Qatar,Eastern Mediterranean Region,HI,Female,2021,78.83480878545134,633.5899602609339,0.1444688311637794,0.7924554767820151
QAT,Qatar,Eastern Mediterranean Region,HI,Both,2021,84.99226564332527,667.8098421912939,0.1614934555826693,2.281665363870927
ROU,Romania,European Region,HI,Male,2021,58.852261672845735,516.345926399395,4.683641473815041,14.2186285505872
ROU,Romania,European Region,HI,Female,2021,46.37809068782422,354.8831608881225,1.3747822995974583,2.2260806539634905
ROU,Romania,European Region,HI,Both,2021,52.67754703526008,370.0306389674423,3.0607647230463675,8.282317341758464
RUS,Russian Federation,European Region,HI,Male,2021,124.9212380481908,785.0931102861757,27.686898998218872,38.06997096637048
RUS,Russian Federation,European Region,HI,Female,2021,95.99552234074214,706.0101623182063,4.926213656538154,6.889757666399658
RUS,Russian Federation,European Region,HI,Both,2021,110.60300877300372,745.9470510420308,16.420359754086917,22.635765382884923
RWA,Rwanda,African Region,LI,Male,2021,51.62132307178503,755.7684971470444,9.221159995878049,19.180444191389636
RWA,Rwanda,African Region,LI,Female,2021,92.0446537794578,685.2217632086379,2.7174131075502954,6.846072273658976
RWA,Rwanda,African Region,LI,Both,2021,102.58562070162444,720.8478638475332,6.001805286155811,13.07493009211296
SAU,Saudi Arabia,Eastern Mediterranean Region,HI,Male,2021,102.1486790292604,827.2128084737371,0.2786705504125878,4.705591595898768
SAU,Saudi Arabia,Eastern Mediterranean Region,HI,Female,2021,91.7607272353293,748.5313501952425,0.0613233438109985,1.5369218304510552
SAU,Saudi Arabia,Eastern Mediterranean Region,HI,Both,2021,97.0066428912645,788.2654866258823,0.1714650723248327,3.1371000620021507
SDN,Sudan,Eastern Mediterranean Region,LI,Male,2021,131.76186480349867,1049.456601031664,2.8456610839345196,6.05553197845176
SDN,Sudan,Eastern Mediterranean Region,LI,Female,2021,116.20234816826172,948.2975881209644,0.9572912919135136,2.7142346488316824
SDN,Sudan,Eastern Mediterranean Region,LI,Both,2021,124.05990406905636,999.3828896408678,1.9109180368841217,4.4015898002898215
SEN,Senegal,African Region,LMI,Male,2021,98.72148015105935,676.2170663598012,1.8374724988667803,14.096639267298446
SEN,Senegal,African Region,LMI,Female,2021,79.20205493324363,610.9363577046911,0.7030859251002782,3.080873399497444
SEN,Senegal,African Region,LMI,Both,2021,89.05936466824056,643.9031155755215,1.275951144852362,8.64383516273695
SGP,Singapore,Western Pacific Region,HI,Male,2021,48.537020019814705,315.02472038290904,0.448187308057012,11.336566357975087
SGP,Singapore,Western Pacific Region,HI,Female,2021,38.07511191753147,284.4946771055005,0.0942075158321553,5.283295274510511
SGP,Singapore,Western Pacific Region,HI,Both,2021,43.62862135233597,299.9123489605918,0.272967310905708,8.340197171660122
SLB,Solomon Islands,Western Pacific Region,LMI,Male,2021,122.35112029826972,722.2062536065022,4.033441969591661,18.89189861005108
SLB,Solomon Islands,Western Pacific Region,LMI,Female,2021,91.59815892140588,656.319628756954,0.0651792324918488,6.929972373559399
SLB,Solomon Islands,Western Pacific Region,LMI,Both,2021,107.12840441672212,916.5425454533632,2.0691519147272546,12.9707451229877
SLE,Sierra Leone,African Region,LI,Male,2021,103.14062258424114,723.6906403333338,4.011793387898701,18.917852253165684
SLE,Sierra Leone,African Region,LI,Female,2021,83.34330617331302,652.1423915042348,1.0782076300566508,6.438424611818413
SLE,Sierra Leone,African Region,LI,Both,2021,93.97220010057036,688.2742571629298,2.559668437766886,12.740535570698786
SLV,El Salvador,Region of the Americas,UMI,Male,2021,95.28648390732276,666.0252106375935,36.234997651299125,15.694991304900082
SLV,El Salvador,Region of the Americas,UMI,Female,2021,77.98905179167578,600.0998935277764,1.1999322814815738,4.24154513744041
SLV,El Salvador,Region of the Americas,UMI,Both,2021,86.7242550100775,633.392178668234,18.892640293239435,10.025535452007546
SOM,Somalia,Eastern Mediterranean Region,LI,Male,2021,134.71428170586898,1205.9714078182565,2.0993045846414273,18.36328876238956
SOM,Somalia,Eastern Mediterranean Region,LI,Female,2021,106.9321239766155,810.0978678269908,1.4391633086077256,5.913777033693134
SOM,Somalia,Eastern Mediterranean Region,LI,Both,2021,120.96211362988848,854.4309003829541,1.7764886521307937,12.200780456684829
SRB,Serbia,European Region,UMI,Male,2021,77.9397740184473,516.1366108964073,6.704126291507052,19.52249428931908
SRB,Serbia,European Region,UMI,Female,2021,30.57615495590873,465.08800560281753,0.7861821807316159,6.224336605981971
SRB,Serbia,European Region,UMI,Both,2021,69.9625941835324,490.8675512760803,3.774743956673211,12.939906236067207
SSD,South Sudan,African Region,LI,Male,2021,130.05226962586335,878.6221904359152,7.485095307797277,24.97703247056262
SSD,South Sudan,African Region,LI,Female,2021,104.54157133207332,792.3294691346159,3.992080108290582,7.877786175826916
SSD,South Sudan,African Region,LI,Both,2021,117.42447397043732,835.907293391772,5.789228072230713,16.512905554668446
STP,Sao Tome and Principe,African Region,LMI,Male,2021,81.90662087302277,664.6242898080716,3.266608056212855,3.2697190792940445
STP,Sao Tome and Principe,African Region,LMI,Female,2021,73.2652788562346,599.7399215053451,0.0400870540272928,0.9708140791536368
STP,Sao Tome and Principe,African Region,LMI,Both,2021,77.62915657471264,632.5065274982221,1.6745407719912793,2.1317611042245432
SUR,Suriname,Region of the Americas,UMI,Male,2021,121.9751187184253,708.4334352866957,4.9116976971605455,46.592879455529
SUR,Suriname,Region of the Americas,UMI,Female,2021,90.532162417595,644.250799452572,0.5554863177994389,11.49830653242631
SUR,Suriname,Region of the Americas,UMI,Both,2021,106.4108553495143,676.6630305488043,2.7553730643767977,29.221065858593168
SVK,Slovakia,European Region,HI,Male,2021,76.6961919690206,523.2794898884157,7.202210409762269,18.74404962782972
SVK,Slovakia,European Region,HI,Female,2021,61.97218963360033,472.24842987036175,1.1621872204566843,3.3106363955572573
SVK,Slovakia,European Region,HI,Both,2021,69.40781081298756,498.01911517947894,4.196790676768757,11.104510077854853
SVN,Slovenia,European Region,HI,Male,2021,86.90268890101216,525.6129412053182,17.340546790503367,25.053878332023015
SVN,Slovenia,European Region,HI,Female,2021,65.34977700102381,634.248470687613,2.3492784262987785,6.0680504964795485
SVN,Slovenia,European Region,HI,Both,2021,76.23399751051792,500.3277722629746,9.967719496301248,15.655893553428998
SWE,Sweden,European Region,HI,Male,2021,119.09034339973569,1042.6406307009215,10.114535659044442,22.835979823741585
SWE,Sweden,European Region,HI,Female,2021,97.71197444577663,760.6459634224474,2.72529904235903,6.879023766487095
SWE,Sweden,European Region,HI,Both,2021,108.50805076752596,801.4654813397729,6.456863533785163,11.803525522131425
SWZ,Eswatini,African Region,LMI,Male,2021,160.69183963764982,444.6281461912353,2.1699417539738883,34.584939407366726
SWZ,Eswatini,African Region,LMI,Female,2021,115.41610813692978,807.0582639199714,1.2860656264479822,5.403312489811735
SWZ,Eswatini,African Region,LMI,Both,2021,138.2803525447934,848.0862864747538,1.7324230708485646,21.056076562468377
SYC,Seychelles,African Region,HI,Male,2021,64.30302891450684,496.3122419096001,2.1337537984102273,12.051547801438412
SYC,Seychelles,African Region,HI,Female,2021,56.431454114671475,446.4663638789152,0.5105309964103136,1.2529799774213763
SYC,Seychelles,African Region,HI,Both,2021,60.40659938858833,471.63853228441104,1.33025851142027,6.70625672854998
SYR,Syrian Arab Republic,Eastern Mediterranean Region,LI,Male,2021,192.4736554064489,1595.2703954807996,1.268125381200929,1.6061714190038654
SYR,Syrian Arab Republic,Eastern Mediterranean Region,LI,Female,2021,174.29176457802728,1447.4015923167103,0.8988691602338044,0.3729916989688543
SYR,Syrian Arab Republic,Eastern Mediterranean Region,LI,Both,2021,183.47361944638016,1469.2916342206204,1.0853435518222023,0.995747457586535
TCD,Chad,African Region,LI,Male,2021,137.93270783450137,995.0020341968344,2.7345446645189138,22.015402381382476
TCD,Chad,African Region,LI,Female,2021,115.69464388832291,904.6967247035273,1.0411409901471094,5.651765278017894
TCD,Chad,African Region,LI,Both,2021,126.92486618114306,950.3009059976472,1.8963098457048704,13.915402015217008
TGO,Togo,African Region,LI,Male,2021,131.09753940413074,899.3009840407982,2.342249804548856,15.86818419720639
TGO,Togo,African Region,LI,Female,2021,106.35281018564362,814.792230766919,0.8061344195711924,4.513313988802342
TGO,Togo,African Region,LI,Both,2021,118.8488984409796,857.469151170228,1.5818726889849124,3.050382885918085
THA,Thailand,South-East Asia Region,UMI,Male,2021,71.77037033149968,405.87314049856366,4.151689491495789,17.991319784945365
THA,Thailand,South-East Asia Region,UMI,Female,2021,52.58893295395494,367.59700340116297,0.3770424042512902,3.643711322167699
THA,Thailand,South-East Asia Region,UMI,Both,2021,62.275558829615015,386.9264526353503,2.283239183309762,10.889253595870422
TJK,Tajikistan,European Region,LMI,Male,2021,88.15148154715658,689.8120483856284,2.7819652486737834,8.158829532711108
TJK,Tajikistan,European Region,LMI,Female,2021,76.74984416096689,624.7878930831031,1.174843888025222,3.233621709676639
TJK,Tajikistan,European Region,LMI,Both,2021,82.50767104099269,657.6250915108783,1.9864401751527456,5.6803188752604905
TKM,Turkmenistan,European Region,UMI,Male,2021,94.94446525428702,677.6993233690158,6.681062997308245,15.001966379616354
TKM,Turkmenistan,European Region,UMI,Female,2021,78.79719396318052,611.3081535752885,2.1898396036947756,5.491095336623002
TKM,Turkmenistan,European Region,UMI,Both,2021,86.9515659651893,644.2218558755719,4.4469265959048405,10.294085213334643
TLS,Timor-Leste,South-East Asia Region,LMI,Male,2021,69.06516770609123,518.0155262995812,1.4985439627166428,6.64966743668125
TLS,Timor-Leste,South-East Asia Region,LMI,Female,2021,58.904029365965286,469.9855721581702,0.2396138722745262,3.685190146095295
TLS,Timor-Leste,South-East Asia Region,LMI,Both,2021,64.03540422772888,494.2406989995827,0.875373567947795,4.8487544405449565
TON,Tonga,Western Pacific Region,UMI,Male,2021,107.21921306471413,822.08628376803,2.0057922757918676,5.152416117512595
TON,Tonga,Western Pacific Region,UMI,Female,2021,43.95576367689195,737.1653467115335,0.041390500710923,3.1684857090436904
TON,Tonga,Western Pacific Region,UMI,Both,2021,99.52794653684592,784.0611971569872,1.0334133971268,4.1703705653204866
TTO,Trinidad and Tobago,Region of the Americas,HI,Male,2021,115.946436365408,801.5360061863972,3.6414227648940143,23.188579235152982
TTO,Trinidad and Tobago,Region of the Americas,HI,Female,2021,94.43907608409008,726.2843171495241,0.6843018661139384,4.703036872196637
TTO,Trinidad and Tobago,Region of the Americas,HI,Both,2021,105.3002930261556,764.2864201131449,2.2224385903225072,14.038235765489592
TUN,Tunisia,Eastern Mediterranean Region,LMI,Male,2021,134.9938152603549,1099.4362487546002,2.429248787208684,3.09925740874276
TUN,Tunisia,Eastern Mediterranean Region,LMI,Female,2021,120.8998321481576,997.4403441184812,1.9343694578053332,1.4457157676222143
TUN,Tunisia,Eastern Mediterranean Region,LMI,Both,2021,128.01729361981722,1048.9482759597213,2.1842835191540253,2.28075429638809
TUR,Türkiye,European Region,UMI,Male,2021,128.70510163400948,1043.2669879635005,1.7736807949778135,7.058310596729038
TUR,Türkiye,European Region,UMI,Female,2021,115.68716886216214,942.2062423524536,0.1993935920777589,1.9991147919812409
TUR,Türkiye,European Region,UMI,Both,2021,122.26122491194506,993.2419188860324,0.9944086295422866,4.5540086733788785
TZA,United Republic of Tanzania,African Region,LMI,Male,2021,56.20210702894196,801.2785463989629,3.382989029945666,12.674173851476365
TZA,United Republic of Tanzania,African Region,LMI,Female,2021,93.6579995760172,972.6579686347894,1.5079334266015387,5.796249269700686
TZA,United Republic of Tanzania,African Region,LMI,Both,2021,102.0094426917633,764.4971256860817,2.454836506290323,11.603673063195206
UGA,Uganda,African Region,LI,Male,2021,103.3638295110336,696.139345112523,6.096650168630522,20.394634047866436
UGA,Uganda,African Region,LI,Female,2021,83.61541936513188,629.5139491730631,2.2600297721164027,3.849301266029116
UGA,Uganda,African Region,LI,Both,2021,93.58836648881226,663.1597741224903,4.206962140012024,12.204694320856962
UKR,Ukraine,European Region,UMI,Male,2021,162.76152053540892,1109.413128993112,18.088595854203643,32.290077962655204
UKR,Ukraine,European Region,UMI,Female,2021,130.73657787301602,1004.704755565552,3.2515911490128913,6.072827490030956
UKR,Ukraine,European Region,UMI,Both,2021,146.90917391752444,1057.5824841464696,10.74427852513422,19.312538978706197
URY,Uruguay,Region of the Americas,HI,Male,2021,131.4873214455601,766.9224394905754,4.338299276154183,39.00892934886818
URY,Uruguay,Region of the Americas,HI,Female,2021,96.2529552044754,694.5784775891764,0.4687195721612023,7.544086589296216
URY,Uruguay,Region of the Americas,HI,Both,2021,114.0463101562232,731.1121783493829,2.4228573226776575,23.43383218288006
USA,United States of America,Region of the Americas,HI,Male,2021,128.67450960239924,858.3348370747685,44.37194401172637,22.63945899288471
USA,United States of America,Region of the Americas,HI,Female,2021,103.2577669478416,775.6337314903208,17.990410315410873,5.987737360331085
USA,United States of America,Region of the Americas,HI,Both,2021,116.0932219883932,817.3977898104669,31.3130848320502,14.396856784770666
UZB,Uzbekistan,European Region,LMI,Male,2021,91.93848888979944,635.927286895699,1.8206940555526467,12.80852176018672
UZB,Uzbekistan,European Region,LMI,Female,2021,74.89156455652683,574.2658464527434,0.6993867696245925,5.999086940276517
UZB,Uzbekistan,European Region,LMI,Both,2021,83.50026134482947,606.8042738338099,1.2656469490182596,9.437851524331167
VCT,Saint Vincent and the Grenadines,Region of the Americas,UMI,Male,2021,94.18590384173066,767.6150920431448,11.155877716924936,9.120849077835382
VCT,Saint Vincent and the Grenadines,Region of the Americas,UMI,Female,2021,82.36877842325836,694.3278262354421,0.8023901552528288,0.7011788518554384
VCT,Saint Vincent and the Grenadines,Region of the Americas,UMI,Both,2021,88.33642675958689,731.337895468332,6.030901373897242,4.95311231597531
VEN,Venezuela (Bolivarian Republic of),Region of the Americas,UMI,Male,2021,106.88520399461017,770.4539471591621,0.9939297707565752,12.914399427355532
VEN,Venezuela (Bolivarian Republic of),Region of the Americas,UMI,Female,2021,88.98422482886409,699.0205936268385,0.1310928110310055,2.664775745550737
VEN,Venezuela (Bolivarian Republic of),Region of the Americas,UMI,Both,2021,95.97209185120524,735.094437160662,0.5668254756924181,7.840835704862159
VNM,Viet Nam,Western Pacific Region,LMI,Male,2021,74.3751655756651,506.2199841307277,4.560731349547167,13.408946500136985
VNM,Viet Nam,Western Pacific Region,LMI,Female,2021,59.9049653731001,456.9276941814262,0.8322575381756184,6.873341605507257
VNM,Viet Nam,Western Pacific Region,LMI,Both,2021,67.21241647539541,481.8203006058234,2.7151368129182503,10.173822077295268
VUT,Vanuatu,Western Pacific Region,LMI,Male,2021,101.5941341154225,617.6081857546144,2.132067498884556,17.795635600350757
VUT,Vanuatu,Western Pacific Region,LMI,Female,2021,77.6983070258842,562.3182361899567,0.036695696390779,6.356120474858584
VUT,Vanuatu,Western Pacific Region,LMI,Both,2021,115.62255919863296,581.0018548968083,1.0948584566501367,11.506748413199006
WSM,Samoa,Western Pacific Region,LMI,Male,2021,88.90181234257344,752.9354941530139,2.039221276596866,14.233442139822392
WSM,Samoa,Western Pacific Region,LMI,Female,2021,69.63076044814174,515.4537606791047,0.0368843643828392,5.022600913404416
WSM,Samoa,Western Pacific Region,LMI,Both,2021,79.36264165482973,543.4284108358659,1.046030340045833,9.674075732745491
YEM,Yemen,Eastern Mediterranean Region,LI,Male,2021,137.617400564111,1074.2091517831018,1.7008696854984984,5.853286605748178
YEM,Yemen,Eastern Mediterranean Region,LI,Female,2021,120.02925845026869,972.600532531207,0.4527844863916622,2.4673055567979714
YEM,Yemen,Eastern Mediterranean Region,LI,Both,2021,128.91127021775904,1023.912885253414,1.0830675119406146,4.1772259865178265
ZAF,South Africa,African Region,UMI,Male,2021,126.07737453428771,756.7318273516432,4.371285519392972,27.61871386506467
ZAF,South Africa,African Region,UMI,Female,2021,94.78362844366816,685.2694351061582,1.8570974300943333,6.099866469984328
ZAF,South Africa,African Region,UMI,Both,2021,110.58697021943102,721.3579431901281,3.1241757171468327,16.9668844044999
ZMB,Zambia,African Region,LMI,Male,2021,112.12743194020211,752.4972048181983,6.165517701104794,27.88659926386746
ZMB,Zambia,African Region,LMI,Female,2021,89.90145924575818,318.6482418170881,2.363120454854461,6.4083602988525925
ZMB,Zambia,African Region,LMI,Both,2021,101.12557545645237,716.2664481337583,4.28333106421088,17.81087762906819
ZWE,Zimbabwe,African Region,LMI,Male,2021,137.78850945531357,769.5991495406366,1.6038751872826231,12.779825992577482
ZWE,Zimbabwe,African Region,LMI,Female,2021,98.57017593123994,694.5514546584566,0.5771088918390384,3.9677565599564297
ZWE,Zimbabwe,African Region,LMI,Both,2021,115.51747996893552,732.4505405739575,1.0956258710380486,8.417851623430058
