iso3,location_name,suicide_rate,pred,lower_90,upper_90
AFG,Afghanistan,5.3,5.798154626414393,-2.687721076555638,14.284030329384423
AGO,Angola,14.6,13.361039013405913,4.875163310435882,21.84691471637594
ALB,Albania,2.1,4.87670404547049,-3.609171657499541,13.36257974844052
ARE,United Arab Emirates,1.7,5.693409886947202,-2.792465816022829,14.179285589917232
ARG,Argentina,7.7,7.127170229789138,-1.3587054731808923,15.613045932759169
ARM,Armenia,1.8999999999999997,5.651408264669625,-2.834467438300406,14.137283967639656
ATG,Antigua and Barbuda,1.3999999999999997,8.438730386022227,-0.04714531694780355,16.924606088992256
AUS,Australia,11.699999999999998,10.117370183803327,1.6314944808332967,18.603245886773358
AUT,Austria,10.2,9.842691051244522,1.3568153482744911,18.328566754214553
AZE,Azerbaijan,1.6000000000000003,5.8121162315196875,-2.673759471450343,14.297991934489719
BDI,Burundi,14.800000000000002,13.641446387884319,5.155570684914288,22.12732209085435
BEL,Belgium,14.300000000000002,10.016274505562478,1.5303988025924475,18.50215020853251
BEN,Benin,11.800000000000002,12.3506641446592,3.8647884416891696,20.836539847629233
BFA,Burkina Faso,15.4,13.303313558999216,4.817437856029185,21.78918926196925
BGD,Bangladesh,2.9,5.023752642172781,-3.46212306079725,13.509628345142811
BGR,Bulgaria,6.3,9.212568800899813,0.7266930979297825,17.698444503869844
BHR,Bahrain,4.2,4.055859726584829,-4.430015976385202,12.541735429554858
BHS,Bahamas,2.9,4.861634716204784,-3.6242409867652468,13.347510419174814
BIH,Bosnia and Herzegovina,5.7,6.697874655043849,-1.7880010479261816,15.18375035801388
BLR,Belarus,11.699999999999998,11.097420451929333,2.611544748959302,19.583296154899365
BLZ,Belize,4.6,6.472408360686027,-2.0134673422840033,14.958284063656059
BOL,Bolivia,5.1,9.103473738081071,0.6175980351110404,17.5893494410511
BRA,Brazil,6.900000000000001,8.207740151138074,-0.2781355518319568,16.693615854108103
BRB,Barbados,2.7999999999999994,8.175462965969425,-0.3104127370006058,16.661338668939457
BRN,Brunei Darussalam,2.7999999999999994,4.158320501735782,-4.327555201234249,12.644196204705812
BTN,Bhutan,5.1,5.414654551176617,-3.071221151793414,13.900530254146648
BWA,Botswana,10.4,10.619932672646875,2.1340569696768448,19.105808375616906
CAF,Central African Republic,18.7,14.922192020781479,6.436316317811448,23.408067723751508
CAN,Canada,8.1,10.891274646812334,2.405398943842304,19.377150349782365
CHE,Switzerland,9.9,9.836133851484897,1.3502581485148664,18.32200955445493
CHL,Chile,6.8,6.5771650910729775,-1.9087106118970532,15.063040794043008
CHN,China,6.8,7.0178189216298685,-1.4680567813401622,15.503694624599898
CIV,Côte d'Ivoire,12.699999999999998,12.477836266264624,3.991960563294594,20.963711969234655
CMR,Cameroon,13.800000000000002,12.806376906220368,4.320501203250338,21.2922526091904
COD,Democratic Republic of the Congo,15.800000000000002,13.793946657674583,5.308070954704553,22.279822360644616
COG,Congo,11.199999999999998,13.162074610701927,4.676198907731896,21.647950313671956
COL,Colombia,4.7,5.0385642312426375,-3.447311471727393,13.524439934212669
COM,Comoros,8.9,6.79767348726015,-1.6882022157098806,15.28354919023018
CPV,Cabo Verde,16.6,10.449919401916873,1.964043698946842,18.935795104886903
CRI,Costa Rica,7.599999999999999,5.95750317457193,-2.5283725283981004,14.44337887754196
CUB,Cuba,9.2,8.339212832398543,-0.14666287057148786,16.82508853536857
CYP,Cyprus,2.7000000000000006,8.126232734960597,-0.3596429680094335,16.61210843793063
CZE,Czechia,10.3,10.939450597694712,2.4535748947246816,19.425326300664743
DEU,Germany,8.2,10.25657013264131,1.7706944296712788,18.742445835611342
DJI,Djibouti,10.1,10.25496373934801,1.7690880363779797,18.74083944231804
DNK,Denmark,7.599999999999999,10.954141485659168,2.468265782689137,19.4400171886292
DOM,Dominican Republic,4.3,8.155206143801516,-0.3306695591685145,16.64108184677155
DZA,Algeria,2.3,3.4691955745473377,-5.016680128422693,11.95507127751737
ECU,Ecuador,7.400000000000001,6.64580866095498,-1.8400670420150504,15.131684363925011
EGY,Egypt,0.6999999999999998,3.6914916969097336,-4.794384006060297,12.177367399879763
ERI,Eritrea,20.2,13.77674958003711,5.29087387706708,22.26262528300714
ESP,Spain,6.2,8.668146782097288,0.1822710791272577,17.15402248506732
EST,Estonia,12.5,11.098145618660892,2.6122699156908613,19.58402132163092
ETH,Ethiopia,10.699999999999998,11.912836186449814,3.4269604834797835,20.398711889419843
FIN,Finland,12.6,10.213846107578581,1.7279704046085502,18.69972181054861
FJI,Fiji,8.5,7.566463494595593,-0.919412208374438,16.052339197565622
FRA,France,11.800000000000002,10.124680398395382,1.6388046954253515,18.61055610136541
FSM,Micronesia (Federated States of),20.8,14.529355664342814,6.043479961372784,23.015231367312843
GAB,Gabon,10.5,11.891937828580115,3.4060621256100845,20.377813531550146
GBR,United Kingdom of Great Britain and Northern Ireland,8.8,10.803514506527156,2.3176388035571254,19.289390209497185
GEO,Georgia,4.6,8.043439634294067,-0.4424360686759634,16.529315337264098
GHA,Ghana,8.1,8.013435390038177,-0.4724403129318535,16.49931109300821
GIN,Guinea,8.2,11.473748411897795,2.987872708927764,19.959624114867825
GMB,Gambia,8.3,7.05264453346398,-1.4332311695060511,15.53852023643401
GNB,Guinea-Bissau,12.199999999999998,12.77800128571901,4.29212558274898,21.26387698868904
GNQ,Equatorial Guinea,10.5,13.514755854414332,5.028880151444302,22.000631557384363
GRC,Greece,3.4,7.8159100045490355,-0.6699656984209952,16.301785707519066
GRD,Grenada,1.2,6.632765871743089,-1.8531098312269414,15.11864157471312
GTM,Guatemala,5.3,7.092139083871891,-1.3937366190981395,15.578014786841923
GUY,Guyana,26.3,14.81067120045156,6.32479549748153,23.296546903421593
HND,Honduras,3.7000000000000006,7.045602011269802,-1.440273691700229,15.531477714239832
HRV,Croatia,10.6,9.86449054334253,1.3786148403724994,18.35036624631256
HTI,Haiti,9.3,13.08516602636206,4.5992903233920295,21.57104172933209
HUN,Hungary,11.4,9.783214157953914,1.2973384549838833,18.269089860923945
IDN,Indonesia,1.3,4.022275556957195,-4.463600146012836,12.508151259927224
IND,India,12.6,10.191936223257445,1.706060520287414,18.677811926227477
IRL,Ireland,7.7,10.332962649255998,1.8470869462859678,18.81883835222603
IRN,Iran (Islamic Republic of),4.1,4.649989262033507,-3.835886440936524,13.135864965003538
IRQ,Iraq,3.7999999999999994,4.328259796753333,-4.157615906216698,12.814135499723363
ISL,Iceland,10.800000000000002,9.968927183942832,1.4830514809728008,18.454802886912862
ISR,Israel,4.4,6.063185181839703,-2.4226905211303276,14.549060884809734
ITA,Italy,4.6,7.931428407066904,-0.5544472959031266,16.417304110036934
JAM,Jamaica,1.7,4.880486486448825,-3.605389216521206,13.366362189418854
JOR,Jordan,0.6999999999999998,3.1685352996003355,-5.317340403369695,11.654411002570367
JPN,Japan,14.699999999999998,8.633037368981274,0.14716166601124314,17.118913071951305
KAZ,Kazakhstan,15.199999999999998,10.625531388474547,2.1396556855045166,19.111407091444576
KEN,Kenya,8.9,13.28769317401256,4.801817471042529,21.77356887698259
KGZ,Kyrgyzstan,7.8,8.826672073346547,0.3407963703765162,17.312547776316578
KHM,Cambodia,5.0,6.675243991935941,-1.8106317110340893,15.161119694905972
KIR,Kiribati,18.7,13.425491828290495,4.939616125320464,21.911367531260524
KOR,Republic of Korea,20.6,10.322793754362394,1.836918051392363,18.808669457332424
KWT,Kuwait,2.2,3.1451517464446073,-5.340723956525423,11.631027449414638
LAO,Lao People's Democratic Republic,5.0,8.108409414686943,-0.37746628828308815,16.594285117656973
LBN,Lebanon,0.6999999999999998,4.036509245956477,-4.449366457013554,12.522384948926508
LBR,Liberia,9.6,12.55773572686001,4.071860023889979,21.04361142983004
LBY,Libya,5.1,5.264390463207101,-3.22148523976293,13.75026616617713
LCA,Saint Lucia,4.7,9.19932829542765,0.7134525924576192,17.685203998397682
LKA,Sri Lanka,14.0,9.80618676833775,1.3203110653677186,18.29206247130778
LSO,Lesotho,36.7,16.58418225177426,8.098306548804228,25.07005795474429
LTU,Lithuania,16.8,11.662244769259114,3.1763690662890838,20.148120472229145
LUX,Luxembourg,6.2,9.401360612682575,0.9154849097125446,17.887236315652608
LVA,Latvia,12.0,10.582856860602975,2.0969811576329445,19.068732563573008
MAR,Morocco,3.0,3.4166916565030983,-5.069184046466932,11.902567359473128
MDA,Republic of Moldova,11.9,10.353411324232127,1.8675356212620962,18.839287027202158
MDG,Madagascar,10.0,12.39484038980074,3.908964686830709,20.88071609277077
MDV,Maldives,2.0,4.526009538131596,-3.9598661648384343,13.011885241101627
MEX,Mexico,6.900000000000001,7.963802951583406,-0.5220727513866246,16.449678654553438
MKD,North Macedonia,4.6,5.55166673977216,-2.9342089631978707,14.03754244274219
MLI,Mali,8.3,12.373430490965568,3.887554787995537,20.8593061939356
MLT,Malta,5.599999999999999,8.727093139137208,0.24121743616717772,17.212968842107237
MMR,Myanmar,2.9,11.044912035889967,2.559036332919936,19.53078773886
MNE,Montenegro,8.9,7.446890122514091,-1.0389855804559396,15.932765825484122
MNG,Mongolia,19.8,12.80660709423288,4.32073139126285,21.29248279720291
MOZ,Mozambique,19.0,15.211230920917817,6.7253552179477865,23.697106623887848
MRT,Mauritania,4.9,6.228450827224904,-2.2574248757451265,14.714326530194935
MUS,Mauritius,9.6,7.946912095430047,-0.5389636075399835,16.432787798400078
MWI,Malawi,14.199999999999998,13.400210367397277,4.914334664427246,21.886086070367305
MYS,Malaysia,5.599999999999999,5.089487561911598,-3.3963881410584325,13.575363264881629
NAM,Namibia,11.1,11.115053116606818,2.6291774136367874,19.60092881957685
NER,Niger,8.9,11.87549821633663,3.3896225133666,20.36137391930666
NGA,Nigeria,8.8,12.295171794613648,3.809296091643617,20.78104749758368
NIC,Nicaragua,4.2,6.1801006199875665,-2.305775082982464,14.665976322957597
NLD,Netherlands (Kingdom of the),9.1,9.843527475820766,1.3576517728507351,18.3294031787908
NOR,Norway,11.4,10.907089861438646,2.421214158468615,19.392965564408676
NPL,Nepal,11.1,9.041920352075879,0.5560446491058482,17.52779605504591
NZL,New Zealand,11.1,9.622685222095953,1.1368095191259222,18.108560925065984
OMN,Oman,0.9,3.720019858349717,-4.765855844620313,12.205895561319748
PAK,Pakistan,6.5,6.061548262154661,-2.42432744081537,14.547423965124691
PAN,Panama,3.2999999999999994,5.486115488967632,-2.999760214002399,13.971991191937661
PER,Peru,1.5,7.075302048128911,-1.4105736548411194,15.561177751098942
PHL,Philippines,4.0,6.4774673050284015,-2.008408397941629,14.963343007998432
PNG,Papua New Guinea,2.1,9.144894052253685,0.6590183492836541,17.630769755223717
POL,Poland,11.5,10.823834961181367,2.3379592582113364,19.309710664151396
PRK,Democratic People's Republic of Korea,7.599999999999999,7.599553745465123,-0.8863219575049079,16.085429448435153
PRT,Portugal,7.2,8.89417927093586,0.4083035679658291,17.380054973905892
PRY,Paraguay,6.5,8.981483948806842,0.4956082458368112,17.467359651776874
QAT,Qatar,4.2,4.852088916324828,-3.633786786645203,13.337964619294858
ROU,Romania,7.2,8.312209842678088,-0.1736658602919423,16.79808554564812
RUS,Russian Federation,17.9,12.142640177191474,3.6567644742214434,20.628515880161505
RWA,Rwanda,13.6,13.454264856745423,4.968389153775393,21.940140559715452
SAU,Saudi Arabia,1.6000000000000003,3.110657781308514,-5.375217921661516,11.596533484278545
SDN,Sudan,3.9,6.285642603422623,-2.2002330995474075,14.771518306392654
SEN,Senegal,11.6,7.114152154859222,-1.3717235481108085,15.600027857829254
SGP,Singapore,7.0,5.631287829580148,-2.8545878733898826,14.11716353255018
SLB,Solomon Islands,22.5,12.268443234158994,3.7825675311889633,20.754318937129025
SLE,Sierra Leone,9.7,11.561050749812354,3.0751750468423236,20.046926452782387
SLV,El Salvador,7.8,8.546693650348853,0.06081794737882262,17.032569353318884
SOM,Somalia,15.300000000000002,12.603943939765966,4.118068236795935,21.089819642735996
SRB,Serbia,9.4,9.606180816891367,1.1203051139213365,18.092056519861398
SSD,South Sudan,13.4,14.515924864004337,6.030049161034306,23.001800566974367
STP,Sao Tome and Principe,1.3,9.087920869081902,0.6020451661118713,17.573796572051933
SUR,Suriname,22.5,12.021197558343891,3.5353218553738603,20.50707326131392
SVK,Slovakia,7.599999999999999,9.249688514684355,0.7638128117143239,17.735564217654385
SVN,Slovenia,13.199999999999998,10.995515190091716,2.509639487121685,19.481390893061747
SWE,Sweden,11.699999999999998,10.090562374946103,1.6046866719760722,18.576438077916134
SWZ,Eswatini,31.8,16.880582041937632,8.394706338967602,25.366457744907663
SYC,Seychelles,3.9,6.57457237939261,-1.911303323577421,15.06044808236264
SYR,Syrian Arab Republic,0.6999999999999998,4.517925189510606,-3.9679505134594244,13.003800892480637
TCD,Chad,10.699999999999998,13.226120232783764,4.740244529813733,21.711995935753794
TGO,Togo,15.199999999999998,13.1592440249786,4.673368322008569,21.645119727948632
THA,Thailand,15.4,11.037470677862178,2.551594974892147,19.52334638083221
TJK,Tajikistan,3.1,9.043869475117532,0.5579937721475012,17.529745178087563
TKM,Turkmenistan,7.5,9.863587802484727,1.3777120995146959,18.349463505454757
TLS,Timor-Leste,4.2,5.884348923031688,-2.601526779938343,14.370224626001718
TON,Tonga,5.400000000000001,4.996431413173068,-3.489444289796963,13.482307116143097
TTO,Trinidad and Tobago,11.6,7.465035659574106,-1.0208400433959248,15.950911362544137
TUN,Tunisia,1.8,5.894332455202475,-2.5915432477675555,14.380208158172506
TUR,Türkiye,2.6,3.84658989533012,-4.639285807639911,12.33246559830015
TZA,United Republic of Tanzania,9.1,10.875212962648426,2.3893372596783955,19.361088665618457
UGA,Uganda,11.6,11.136362644126097,2.650486941156066,19.62223834709613
UKR,Ukraine,17.0,11.743318915778287,3.2574432128082567,20.229194618748316
URY,Uruguay,22.0,10.252613601631783,1.7667378986617521,18.738489304601814
USA,United States of America,14.199999999999998,10.710356248852321,2.2244805458822903,19.19623195182235
UZB,Uzbekistan,9.1,8.360324243852252,-0.1255514591177782,16.84619994682228
VCT,Saint Vincent and the Grenadines,0.3,8.372518002688398,-0.11335770028163239,16.85839370565843
VEN,Venezuela (Bolivarian Republic of),8.9,6.889372600247291,-1.5965031027227399,15.375248303217322
VNM,Viet Nam,7.0,8.629076313764621,0.14320061079459023,17.11495201673465
VUT,Vanuatu,18.2,11.43465121140348,2.9487755084334495,19.92052691437351
WSM,Samoa,14.300000000000002,11.173932961617743,2.688057258647712,19.65980866458777
YEM,Yemen,5.2,7.569240472304215,-0.9166352306658156,16.055116175274247
ZAF,South Africa,21.1,14.25250677795523,5.766631074985199,22.73838248092526
ZMB,Zambia,13.300000000000002,12.767045927066729,4.281170224096698,21.25292163003676
ZWE,Zimbabwe,25.399999999999995,14.993816266088508,6.507940563118478,23.47969196905854
