source,target,weight
AFG,YEM,0.4925
AFG,SDN,0.4467
AFG,PAK,0.3833
AFG,ZWE,0.3541
AGO,COG,0.4423
AGO,HTI,0.4185
AGO,GNQ,0.3713
AGO,TUN,0.3534
ALB,BIH,0.5399
ALB,MKD,0.4934
ALB,ARM,0.4186
ALB,SRB,0.3973
ARE,SAU,0.4815
ARE,KWT,0.4606
ARE,BHR,0.4512
ARE,QAT,0.4182
ARG,CHL,0.5019
ARG,URY,0.4617
ARG,DOM,0.4073
ARG,PER,0.4013
ARM,BIH,0.4419
ARM,CPV,0.3946
ARM,NPL,0.3774
ATG,GRD,0.4914
ATG,MUS,0.4042
ATG,LCA,0.384
ATG,BLZ,0.3423
AUS,DEU,0.5906
AUS,FRA,0.4355
AUS,NZL,0.4326
AUS,SWE,0.4119
AUT,FRA,0.3753
AUT,NZL,0.3721
AUT,FIN,0.3657
AUT,AUS,0.3582
AZE,PRK,0.6078
AZE,NIC,0.559
AZE,UZB,0.545
AZE,TKM,0.4836
BDI,MDG,0.5007
BDI,KEN,0.4828
BDI,MLI,0.4717
BDI,MWI,0.4491
BEL,SWE,0.4767
BEL,FRA,0.4426
BEL,AUS,0.3989
BEL,NZL,0.3812
BEN,MLI,0.4212
BEN,TZA,0.4093
BEN,GNB,0.4059
BEN,CIV,0.3878
BFA,TZA,0.4491
BFA,UGA,0.3922
BFA,BEN,0.3786
BFA,CMR,0.368
BGD,EGY,0.4591
BGD,PAK,0.4245
BGD,ETH,0.4177
BGD,COM,0.4027
BGR,HUN,0.4177
BGR,PER,0.361
BGR,SYC,0.3592
BGR,THA,0.3514
BHR,KWT,0.6086
BHR,SAU,0.5049
BHR,OMN,0.4444
BHS,URY,0.3702
BHS,BRN,0.3556
BHS,BRB,0.353
BHS,SAU,0.3497
BIH,MKD,0.4527
BIH,SRB,0.45
BLR,MNG,0.3366
BLR,RUS,0.3074
BLR,EST,0.2752
BLR,POL,0.2501
BLZ,AZE,0.4613
BLZ,ERI,0.4427
BLZ,GRD,0.4184
BLZ,TKM,0.4093
BOL,PHL,0.4435
BOL,MEX,0.4386
BOL,PRY,0.4366
BOL,HND,0.4169
BRA,PRY,0.3741
BRA,ARG,0.355
BRA,CRI,0.3541
BRA,PAN,0.3434
BRB,TTO,0.4833
BRB,SRB,0.4338
BRB,PRT,0.4311
BRB,HUN,0.43
BRN,OMN,0.4573
BRN,CHN,0.4087
BRN,AZE,0.3979
BRN,PRK,0.3973
BTN,UZB,0.4845
BTN,TON,0.4316
BTN,IND,0.4315
BTN,SLB,0.4231
BWA,NAM,0.4077
BWA,VCT,0.3445
BWA,DJI,0.3364
BWA,CPV,0.2803
CAF,COD,0.5496
CAF,TGO,0.353
CAF,TCD,0.3496
CAF,SDN,0.3067
CAN,DNK,0.3476
CAN,FIN,0.3278
CAN,EST,0.3043
CAN,DEU,0.2623
CHE,LUX,0.3076
CHE,ISL,0.3056
CHE,IRL,0.2535
CHE,AUS,0.2395
CHL,URY,0.3753
CHL,TUR,0.3656
CHL,DOM,0.3347
CHN,PRK,0.5277
CHN,AZE,0.4668
CHN,NIC,0.4507
CHN,CUB,0.4424
CIV,LBR,0.7538
CIV,GNB,0.6068
CIV,SLE,0.5399
CIV,GIN,0.4687
CMR,BEN,0.3805
CMR,PHL,0.3694
CMR,TZA,0.3379
COD,TGO,0.3463
COD,TCD,0.312
COD,SDN,0.2969
COG,GAB,0.3995
COG,HTI,0.3456
COG,TUN,0.3207
COL,PAN,0.4248
COL,CRI,0.3243
COL,BRA,0.3207
COL,ECU,0.3035
COM,PAK,0.5394
COM,EGY,0.4562
COM,SLB,0.4371
COM,TON,0.4308
CPV,STP,0.4628
CPV,MKD,0.4392
CPV,BIH,0.3991
CPV,SUR,0.3989
CRI,PAN,0.4478
CRI,ECU,0.4352
CRI,MEX,0.426
CRI,PER,0.3939
CUB,PRK,0.4468
CUB,NIC,0.4124
CUB,TTO,0.4119
CYP,KOR,0.5031
CYP,ITA,0.4981
CYP,JPN,0.4146
CYP,PRT,0.4105
CZE,SVK,0.4095
CZE,SVN,0.3633
CZE,HUN,0.3429
CZE,POL,0.3402
DEU,FRA,0.4256
DEU,NZL,0.4006
DEU,SWE,0.3932
DJI,SOM,0.3423
DJI,LBY,0.3173
DJI,NAM,0.317
DNK,AUS,0.3956
DNK,FIN,0.3819
DNK,SWE,0.3733
DNK,NOR,0.371
DOM,SUR,0.494
DOM,JAM,0.4365
DOM,PER,0.4244
DZA,MAR,0.559
DZA,IRN,0.5462
DZA,IRQ,0.446
DZA,JOR,0.4235
ECU,HND,0.5009
ECU,MEX,0.4345
ECU,MYS,0.4237
EGY,PAK,0.4605
EGY,SDN,0.4062
ERI,FSM,0.507
ERI,TKM,0.4982
ERI,TJK,0.4893
ERI,SLB,0.4814
ESP,PRT,0.4476
ESP,FRA,0.4061
ESP,NZL,0.3978
ESP,CYP,0.3675
EST,LVA,0.4272
EST,POL,0.3865
EST,LTU,0.3541
EST,RUS,0.3429
ETH,SDN,0.4125
ETH,COM,0.4068
ETH,PAK,0.4017
FIN,FRA,0.35
FIN,SVN,0.3297
FJI,UZB,0.5039
FJI,STP,0.4824
FJI,GNB,0.474
FJI,PRK,0.4692
FRA,NZL,0.5363
FSM,PNG,0.5924
FSM,VUT,0.5903
FSM,WSM,0.566
FSM,MWI,0.5497
GAB,AGO,0.3473
GAB,LBY,0.3092
GAB,TUN,0.2895
GBR,NLD,0.2878
GBR,SWE,0.2353
GBR,ISL,0.2293
GBR,DEU,0.223
GEO,LVA,0.3475
GEO,LTU,0.3356
GEO,RUS,0.305
GEO,EST,0.3031
GHA,TGO,0.4261
GHA,LBR,0.4176
GHA,CIV,0.4041
GHA,GNB,0.4039
GIN,SLE,0.6341
GIN,ZWE,0.4956
GIN,LBR,0.4708
GMB,SEN,0.4896
GMB,MRT,0.4432
GMB,FJI,0.4176
GMB,CIV,0.4173
GNB,LBR,0.6298
GNB,SLE,0.5063
GNB,MLI,0.4912
GNQ,GHA,0.3757
GNQ,DOM,0.3698
GNQ,HTI,0.3395
GRC,PRT,0.3557
GRC,ESP,0.3498
GRC,LBN,0.3337
GRC,CHL,0.3326
GRD,LCA,0.4716
GRD,TTO,0.4305
GRD,MUS,0.4236
GTM,SLV,0.3571
GTM,HND,0.299
GTM,PRY,0.2904
GTM,BOL,0.2613
GUY,LCA,0.4105
GUY,BLZ,0.3995
GUY,VCT,0.3593
GUY,RWA,0.3524
HND,PRY,0.515
HND,MEX,0.3989
HRV,SRB,0.4339
HRV,HUN,0.4101
HRV,KAZ,0.4092
HRV,POL,0.3956
HTI,YEM,0.3723
HTI,SOM,0.3691
HTI,VCT,0.3639
HUN,SRB,0.4858
IDN,UZB,0.487
IDN,FJI,0.4437
IDN,SEN,0.4423
IDN,TKM,0.4021
IND,KGZ,0.4828
IND,TON,0.4272
IND,COM,0.3727
IRL,LUX,0.3324
IRL,NOR,0.3237
IRL,ISL,0.276
IRL,DNK,0.272
IRN,MAR,0.5101
IRN,VEN,0.4229
IRN,AZE,0.4048
IRQ,LBY,0.4088
IRQ,MAR,0.3918
IRQ,NPL,0.3828
ISL,AUS,0.3476
ISL,DNK,0.3289
ISL,SWE,0.326
ISL,DEU,0.3239
ISR,ARE,0.3793
ISR,KWT,0.3178
ISR,SAU,0.3151
ISR,BHR,0.3047
ITA,KOR,0.4779
ITA,MLT,0.4055
ITA,JPN,0.3792
JAM,SEN,0.4433
JAM,MYS,0.4351
JAM,SUR,0.4266
JOR,LBY,0.4534
JOR,LBN,0.4277
JOR,TUN,0.3933
JPN,KOR,0.5516
JPN,MLT,0.4772
JPN,ARE,0.3817
KAZ,NIC,0.4638
KAZ,SRB,0.4233
KAZ,PRK,0.3999
KEN,MDG,0.5312
KEN,GIN,0.4577
KEN,FSM,0.4548
KGZ,BTN,0.4164
KGZ,TKM,0.4008
KGZ,KAZ,0.3869
KHM,VNM,0.5119
KHM,LAO,0.4656
KHM,PHL,0.4311
KHM,THA,0.4051
KIR,BTN,0.3536
KIR,NPL,0.3499
KIR,KGZ,0.3461
KIR,IND,0.3428
KOR,MLT,0.4954
KWT,SAU,0.4772
KWT,OMN,0.4116
LAO,VNM,0.4663
LAO,UGA,0.4502
LAO,SYC,0.4022
LBN,TUN,0.4296
LBN,DZA,0.4135
LBN,IRN,0.3689
LBR,SLE,0.5493
LBY,TUN,0.3874
LBY,DZA,0.3721
LCA,UGA,0.3826
LKA,WSM,0.5166
LKA,VUT,0.4994
LKA,TJK,0.4249
LKA,MDV,0.4216
LSO,SOM,0.4098
LSO,NAM,0.3867
LSO,SSD,0.3865
LSO,ZWE,0.3854
LTU,LVA,0.4719
LTU,HUN,0.3714
LTU,RUS,0.339
LUX,ISL,0.3079
LUX,NOR,0.2465
LVA,POL,0.4095
LVA,HUN,0.3756
MAR,AZE,0.412
MAR,BLZ,0.404
MDA,UGA,0.3681
MDA,SVK,0.3401
MDA,GRD,0.3312
MDA,TZA,0.3305
MDG,ERI,0.4712
MDG,SLE,0.4633
MDV,UZB,0.3939
MDV,CHN,0.3876
MDV,AZE,0.3669
MEX,PER,0.5102
MEX,PRY,0.4776
MKD,SRB,0.4079
MLI,KEN,0.4541
MLI,CIV,0.4463
MLT,CYP,0.3811
MMR,SLV,0.2832
MMR,GTM,0.2518
MMR,MDG,0.2507
MMR,ERI,0.25
MNE,SRB,0.398
MNE,MKD,0.383
MNE,CPV,0.3724
MNE,BIH,0.3634
MNG,RUS,0.2823
MNG,SLV,0.2555
MNG,EST,0.2497
MOZ,ZMB,0.4819
MOZ,HND,0.3345
MOZ,KEN,0.3155
MOZ,RWA,0.2917
MRT,NPL,0.5323
MRT,STP,0.4305
MRT,FJI,0.4176
MUS,BLZ,0.3776
MUS,TTO,0.3662
MWI,ERI,0.4758
MWI,PNG,0.469
MWI,VUT,0.4662
MYS,MEX,0.4134
MYS,OMN,0.4098
NAM,VCT,0.4459
NAM,HTI,0.3294
NER,PNG,0.5153
NER,GIN,0.4351
NER,FSM,0.4151
NER,SLE,0.4143
NGA,LBR,0.4183
NGA,CIV,0.4107
NGA,GHA,0.373
NGA,GNB,0.3593
NIC,PRK,0.5331
NIC,TKM,0.5012
NIC,UZB,0.4683
NLD,SWE,0.306
NLD,BEL,0.2874
NLD,ISL,0.2781
NOR,BEL,0.3249
NOR,AUT,0.3154
NPL,STP,0.4419
NPL,UZB,0.4069
NPL,AZE,0.3979
OMN,SAU,0.5113
PAK,SDN,0.5597
PAK,TGO,0.425
PAN,ECU,0.3848
PER,SUR,0.4389
PER,URY,0.4367
PER,CHN,0.4275
PHL,FJI,0.4222
PHL,VNM,0.4071
PNG,TLS,0.5241
PNG,VUT,0.5057
POL,SVN,0.4464
PRK,UZB,0.5227
PRT,NZL,0.3663
PRY,SUR,0.4366
QAT,BHR,0.351
QAT,KWT,0.3492
QAT,SAU,0.3368
ROU,SYC,0.3272
ROU,SVK,0.3248
ROU,HUN,0.2968
ROU,CZE,0.2926
RUS,LVA,0.3662
RUS,POL,0.3145
RWA,KEN,0.4179
RWA,ERI,0.39
RWA,TJK,0.39
RWA,BLZ,0.3698
SDN,COM,0.4134
SEN,UZB,0.4685
SEN,CIV,0.4577
SEN,SLE,0.4525
SGP,QAT,0.3191
SGP,MLT,0.2822
SGP,ITA,0.2474
SGP,ARE,0.2462
SLB,VUT,0.5162
SLB,FSM,0.4999
SLB,PNG,0.4871
SLB,TLS,0.4824
SLV,RUS,0.2911
SLV,PRY,0.2773
SOM,YEM,0.3321
SRB,SYC,0.4536
SSD,ZWE,0.3725
SSD,RWA,0.3403
SSD,KEN,0.334
STP,PRK,0.4509
SUR,STP,0.436
SVK,HRV,0.3779
SVK,SVN,0.3732
SVK,POL,0.3423
SVN,HRV,0.3559
SWE,FRA,0.4213
SWZ,BWA,0.2602
SWZ,DJI,0.2388
SWZ,NAM,0.2338
SWZ,VCT,0.2209
SYC,VNM,0.4453
SYC,BRB,0.4137
SYC,THA,0.4118
SYR,TUN,0.2428
SYR,AGO,0.2213
SYR,LBN,0.2193
SYR,COG,0.2159
TCD,TGO,0.4081
TCD,BDI,0.371
TCD,MDG,0.3554
TCD,MLI,0.3552
TGO,MDG,0.462
TGO,KEN,0.436
TGO,CIV,0.4318
THA,VNM,0.4375
THA,SRB,0.4299
TJK,VUT,0.5853
TJK,WSM,0.5335
TJK,FSM,0.5121
TKM,UZB,0.5388
TLS,FSM,0.4775
TLS,VUT,0.471
TON,SLB,0.394
TTO,PRK,0.4607
TTO,AZE,0.4384
TUN,DZA,0.4078
TUR,MYS,0.3753
TUR,ARG,0.3548
TUR,LBN,0.3545
TZA,UGA,0.5707
TZA,LAO,0.3904
UKR,MUS,0.2876
UKR,GEO,0.2744
UKR,GRC,0.2598
UKR,RUS,0.2554
URY,CRI,0.3849
URY,MEX,0.3755
USA,CAN,0.1634
USA,ISL,0.1419
USA,DNK,0.1411
USA,CHE,0.1356
VEN,OMN,0.4005
VEN,PRK,0.3969
VEN,AZE,0.3876
VUT,WSM,0.7842
YEM,SDN,0.3443
YEM,IRQ,0.3442
ZAF,BWA,0.194
ZAF,SWZ,0.1891
ZAF,DJI,0.1849
ZAF,NAM,0.1769
ZMB,HND,0.3836
ZMB,PRY,0.3119
ZMB,ECU,0.3077
ZWE,KEN,0.4408
ZWE,GNB,0.4292
ZWE,SLE,0.4199
